yr,brand,brandNm,corpNm,frcsCnt,newFrcsRgsCnt,ctrtEndCnt,ctrtCncltnCnt,nmChgCnt,open_rate,close_rate,avrgSlsAmt,avg_sales_eok,ar_unit_sales_manwon
2024,#커피플라잉스콘, #커피플라잉스콘,㈜에스에스인터내셔널,1,1,0,0,0,1.0,0.0,0,0.0,0.0
2024,#힘이나는커피생활,#힘이나는커피생활,따름인,10,0,1,0,0,0.0,0.1,247171,2.47171,2385.5
2022,145씨오,145씨오(145CO),(주)지디스토리,4,4,0,0,0,1.0,0.0,0,0.0,0.0
2023,145커피,145커피(145COFFEE),(주)지디스토리,4,1,1,0,0,0.25,0.25,0,0.0,0.0
2024,145커피,145커피(145COFFEE),(주)지디스토리,3,0,1,0,2,0.0,0.3333333333333333,69714,0.69714,639.0
2024,1847,1847,(주)올리브홀딩스,1,0,0,0,0,0.0,0.0,0,0.0,0.0
2018,19TEA,19TEA,(주)참인포텍,2,2,0,0,0,1.0,0.0,0,0.0,0.0
2019,19티,19티(TEA),(주)참인포텍,22,20,0,0,0,0.9090909090909091,0.0,132966,1.32966,1224.9
2020,19티,19티(TEA),(주)참인포텍,48,29,3,0,0,0.6041666666666666,0.0625,119268,1.19268,1047.2
2021,19티,19티(TEA),(주)참인포텍,37,3,14,0,0,0.08108108108108109,0.3783783783783784,68221,0.68221,545.4
2022,1L 맥스커피,1L 맥스커피,일리터맥스본점,4,4,0,0,0,1.0,0.0,0,0.0,0.0
2023,1L 맥스커피,1L 맥스커피,일리터맥스본점,6,2,0,0,0,0.3333333333333333,0.0,0,0.0,0.0
2023,1L 커피특별시,1L 커피특별시,라온컴퍼니,5,5,0,0,0,1.0,0.0,142346,1.42346,828.7
2020,1LiTER COFFEE,1LiTER COFFEE,(주)카페원플러스원,8,1,0,0,1,0.125,0.0,101291,1.01291,602.3
2021,1LiTER COFFEE,1LiTER COFFEE,(주)카페원플러스원,6,0,0,0,1,0.0,0.0,70939,0.70939,421.8
2022,1LiTER COFFEE,1LiTER COFFEE(일리터커피),(주)카페원플러스원,6,0,0,0,0,0.0,0.0,51674,0.51674,307.2
2021,24시무인 셀프카페,24시무인 셀프카페,에스시(SC)월드와이드,20,11,0,0,0,0.55,0.0,0,0.0,0.0
2022,24시무인 셀프카페,24시무인 셀프카페,에스시(SC)월드와이드,25,9,1,3,0,0.36,0.16,0,0.0,0.0
2023,24시무인 셀프카페,24시무인 셀프카페,에스시(SC)월드와이드,21,0,0,4,2,0.0,0.19047619047619047,0,0.0,0.0
2023,30초커피,30초커피,30초커피,3,0,0,0,0,0.0,0.0,0,0.0,0.0
2024,30초커피,30초커피,30초커피,4,2,1,0,0,0.5,0.25,0,0.0,0.0
2024,32커피,32커피,에스티컴퍼니,3,2,0,0,0,0.6666666666666666,0.0,0,0.0,0.0
2022,3X-LARGE COFFEE,3X-LARGE COFFEE,(주)정명에프앤비,6,6,0,0,0,1.0,0.0,86090,0.8609,287.0
2023,3X-LARGE COFFEE,3X-LARGE COFFEE,(주)정명에프앤비,13,9,2,0,1,0.6923076923076923,0.15384615384615385,98060,0.9806,326.9
2023,707COFFEE,707COFFEE,칠공칠(707),2,2,0,0,0,1.0,0.0,0,0.0,0.0
2024,707COFFEE,707COFFEE,707커피컴퍼니(주),6,4,0,0,0,0.6666666666666666,0.0,217238,2.17238,1448.3
2022,9 BLOCK,9 BLOCK (나인블럭),(주)에스디인터내셔날,1,1,0,0,0,1.0,0.0,0,0.0,0.0
2023,9 BLOCK,9 BLOCK (나인블럭),(주)에스디인터내셔날,1,1,1,0,0,1.0,1.0,0,0.0,0.0
2017,9cafe,9cafe,(주)비비인터내셔널,14,14,0,0,0,1.0,0.0,186746,1.86746,2189.7
2018,9cafe,9cafe,(주)비비인터내셔널,10,0,4,0,5,0.0,0.4,184640,1.8464,2101.0
2019,9cafe,9cafe,(주)비비인터내셔널,10,1,1,0,2,0.1,0.1,162636,1.62636,1794.9
2023,A LOT TO GO,A LOT TO GO(어랏투고),제로3커피로스터스,6,6,0,0,0,1.0,0.0,23400,0.234,257.8
2024,A LOT TO GO,A LOT TO GO(어랏투고),제로3커피로스터스,12,6,0,0,1,0.5,0.0,211631,2.11631,1876.2
2017,ABC커피,ABC커피,에이비씨커피,8,6,0,0,3,0.75,0.0,0,0.0,0.0
2022,ALI⋆KENYA⋆STAR,ALI⋆KENYA⋆STAR(알리케냐스타)커피,(주)알리스타커피,4,5,1,0,0,1.25,0.25,0,0.0,0.0
2023,ALI⋆KENYA⋆STAR,ALI⋆KENYA⋆STAR(알리케냐스타)커피,(주)알리스타커피,7,3,0,0,0,0.42857142857142855,0.0,157359,1.57359,175.6
2024,ALI★KENYA★STAR,ALI★KENYA★STAR(알리케냐스타)커피,(주)알리스타커피,6,0,1,0,0,0.0,0.16666666666666666,179428,1.79428,200.2
2024,ALI★TOGO★STAR,ALI★TOGO★STAR(알리투고스타)커피,(주)알리스타커피,1,1,0,0,0,1.0,0.0,0,0.0,0.0
2021,BALENA SIX COFFEE ROASTERS,BALENA SIX COFFEE ROASTERS,발레나식스(BALENASIX),2,2,0,0,0,1.0,0.0,79004,0.79004,95.3
2020,Blu Shaak,Blu Shaak(블루샥),(주)단디코리아,1,1,0,0,0,1.0,0.0,0,0.0,0.0
2021,Blu Shaak,Blu Shaak(블루샥),(주)단디코리아,13,12,0,0,1,0.9230769230769231,0.0,0,0.0,0.0
2022,Blu Shaak,Blu Shaak(블루샥),(주)단디코리아,90,77,0,0,5,0.8555555555555555,0.0,194633,1.94633,960.1
2023,Blu Shaak,Blu Shaak(블루샥),(주)단디코리아,173,87,4,0,12,0.5028901734104047,0.023121387283236993,194146,1.94146,1047.1
2024,Blu Shaak,Blu Shaak(블루샥),(주)단디코리아,208,45,10,0,7,0.21634615384615385,0.04807692307692308,184936,1.84936,1096.6
2018,C27,C27,(주)디앤지에프씨,2,2,0,0,0,1.0,0.0,0,0.0,0.0
2021,CAFE CANBUS,CAFE CANBUS (카페캔버스),(주)명진푸드,7,7,0,0,1,1.0,0.0,0,0.0,0.0
2022,CAFE CANBUS,CAFE CANBUS(카페캔버스),(주)명진푸드,26,20,1,0,4,0.7692307692307693,0.038461538461538464,116343,1.16343,811.6
2023,CAFE CANBUS,CAFE CANBUS(카페캔버스),(주)명진푸드,32,8,2,0,4,0.25,0.0625,108566,1.08566,913.1
2024,CAFE CANBUS,CAFE CANBUS(카페캔버스),(주)명진푸드,36,6,0,2,3,0.16666666666666666,0.05555555555555555,91045,0.91045,846.9
2020,CAFE 설렘주의보,CAFE 설렘주의보,설렘,15,15,0,0,0,1.0,0.0,127383,1.27383,1173.2
2021,CAFE 설렘주의보,CAFE 설렘주의보,㈜비앰씨,20,7,2,0,7,0.35,0.1,130661,1.30661,1083.5
2022,CAFE 설렘주의보,CAFE 설렘주의보,㈜비앰씨,20,3,1,1,3,0.15,0.1,153271,1.53271,1282.8
2023,CAFE 설렘주의보,CAFE 설렘주의보,㈜비앰씨,18,4,3,3,2,0.2222222222222222,0.3333333333333333,70417,0.70417,478.8
2021,COFFEE COOK,COFFEE COOK (커피쿡),(주)빅트리컴퍼니,39,34,1,0,1,0.8717948717948718,0.02564102564102564,117947,1.17947,707.0
2023,COFFEE COOK,COFFEE COOK (커피쿡),(주)빅트리컴퍼니,42,16,14,0,3,0.38095238095238093,0.3333333333333333,88520,0.8852,561.6
2024,COFFEE COOK,COFFEE COOK (커피쿡),(주)빅트리컴퍼니,56,18,3,0,1,0.32142857142857145,0.05357142857142857,168226,1.68226,1133.0
2023,COFFEE PUCK,COFFEE PUCK,커피퍽바이미스터케이,7,7,0,0,2,1.0,0.0,412722,4.12722,2906.5
2024,COFFEE PUCK,COFFEE PUCK,커피퍽바이미스터케이,13,6,0,0,1,0.46153846153846156,0.0,134248,1.34248,1144.8
2022,COFFEENIE,COFFEENIE,(주)커피니,80,5,12,0,5,0.0625,0.15,102223,1.02223,304.9
2024,COFFLIX,COFFLIX(커플릭스),(주)한빈에프앤비,10,10,0,0,0,1.0,0.0,122281,1.22281,552.8
2024,Café Lu and B,Café Lu and B (카페루앤비) ,(주)루앤비,47,6,14,0,1,0.1276595744680851,0.2978723404255319,63593,0.63593,458.9
2018,DART9,DART9(다트나인),(주)브이비코퍼레이션,1,1,0,0,0,1.0,0.0,0,0.0,0.0
2023,DEBART,DEBART(드바르트),(주)씨엠에프인터내셔널,1,1,0,0,0,1.0,0.0,0,0.0,0.0
2024,DEBART,DEBART (드바르트),(주)씨엠에프인터내셔널,1,0,0,0,0,0.0,0.0,8026,0.08026,0.0
2020,DELIGHT6,DELIGHT6(딜라잇식스),(주)딜라잇코리아,4,0,0,0,0,0.0,0.0,0,0.0,0.0
2023,EVZZUCKER COFFEE,EVZZUCKER COFFEE,(주)쮸커커피,4,2,0,0,0,0.5,0.0,177393,1.77393,1204.5
2024,EVZZUCKER COFFEE,EVZZUCKER COFFEE,(주)쮸커커피,7,3,0,0,0,0.42857142857142855,0.0,139582,1.39582,1030.1
2022,Every Coffee,Every Coffee(에브리커피),에브리커피코리아,1,1,0,0,0,1.0,0.0,0,0.0,0.0
2023,Every Coffee,Every Coffee(에브리커피),(주)에브리커피,5,4,0,0,0,0.8,0.0,193340,1.9334,207.9
2024,Every Coffee,Every Coffee(에브리커피),(주)에브리커피,14,9,0,0,0,0.6428571428571429,0.0,201592,2.01592,445.5
2024,HayCOFFEE,HayCOFFEE,(주)해이컴퍼니,4,1,1,0,0,0.25,0.25,132748,1.32748,545.5
2022,INGS' COFFEE,INGS' COFFEE,(주)더조은세상,2,2,0,0,0,1.0,0.0,0,0.0,0.0
2023,INGS' COFFEE,INGS' COFFEE,(주)더조은세상,8,6,0,0,0,0.75,0.0,0,0.0,0.0
2024,INGS' COFFEE & 라면매니아,INGS' COFFEE & 라면매니아,(주)더조은세상,16,13,5,0,0,0.8125,0.3125,0,0.0,0.0
2020,KUNGFU TEA,KUNGFU TEA(쿵푸티),(주)쿵푸티코리아,1,1,0,0,0,1.0,0.0,0,0.0,0.0
2021,KUNGFU TEA,KUNGFU TEA(쿵푸티),(주)쿵푸티코리아,5,4,0,0,1,0.8,0.0,0,0.0,0.0
2018,LANG STUDY CAFE,LANG STUDY CAFE(랭스터디카페),(주)더뉴웨이스,3,3,0,0,0,1.0,0.0,0,0.0,0.0
2019,LANG STUDY CAFE,LANG STUDY CAFE(랭스터디카페),(주)더뉴웨이스,8,5,0,0,0,0.625,0.0,0,0.0,0.0
2019,LJ COFFEE,LJ COFFEE,(주)라온제나,1,1,0,0,0,1.0,0.0,0,0.0,0.0
2020,LJ COFFEE,LJ COFFEE,(주)라온제나,1,0,0,0,0,0.0,0.0,0,0.0,0.0
2021,LQL터쿼이즈,LQL터쿼이즈(TURQUOISE),(주)빅브라더,1,0,0,0,0,0.0,0.0,0,0.0,0.0
2022,LQL터쿼이즈,LQL터쿼이즈(TURQUOISE),(주)빅브라더,1,0,0,0,0,0.0,0.0,0,0.0,0.0
2022,METCHA,METCHA(맷차),맷차,2,0,0,0,0,0.0,0.0,0,0.0,0.0
2024,METCHA,METCHA(맷차),맷차,2,0,1,0,0,0.0,0.5,362639,3.62639,758.6
2022,Moku816,Moku816,(주)사실주의컴퍼니,2,0,0,0,0,0.0,0.0,0,0.0,0.0
2023,NiceCaffeinClub,NiceCaffeinClub(NCC),(주)드림위드에프씨,1,1,0,0,0,1.0,0.0,0,0.0,0.0
2024,NiceCaffeinClub,NiceCaffeinClub(NCC),(주)드림위드에프씨,15,14,0,0,1,0.9333333333333333,0.0,155520,1.5552,1382.4
2023,"ONCE, TIME OFF","ONCE, TIME OFF",공소,1,1,0,0,0,1.0,0.0,0,0.0,0.0
2024,"ONCE, TIME OFF","ONCE, TIME OFF",공소,3,2,0,0,0,0.6666666666666666,0.0,220268,2.20268,370.2
2020,OPPA COFFEE,OPPA COFFEE(오피피에이 커피),(주)엘리얼티개발,1,1,0,0,0,1.0,0.0,0,0.0,0.0
2021,OPPA COFFEE,OPPA COFFEE(오피피에이커피),(주)엘리얼티개발,6,5,0,0,0,0.8333333333333334,0.0,144001,1.44001,1155.2
2022,OPPA COFFEE,OPPA COFFEE(오피피에이 커피),(주)엘리얼티개발,8,5,2,1,0,0.625,0.375,140600,1.406,1469.1
2023,OPPA COFFEE,OPPA COFFEE(오피피에이 커피),(주)엘리얼티개발,11,3,0,0,2,0.2727272727272727,0.0,133925,1.33925,1068.8
2024,OPPA COFFEE,OPPA COFFEE(오피피에이 커피),(주)엘리얼티개발,11,0,0,0,1,0.0,0.0,126675,1.26675,928.6
2022,PLAN,PLAN (플랜),(주)카페플랜,9,9,0,0,0,1.0,0.0,206018,2.06018,1378.5
2023,PLAN,PLAN(플랜),커피플랜침산점,20,11,0,0,1,0.55,0.0,161974,1.61974,1251.8
2023,PLUS 82,PLUS 82(플러스 82),"(주)플러스82(PLUS82Co.,Ltd.)",27,27,0,0,0,1.0,0.0,0,0.0,0.0
2024,PLUS 82,PLUS 82(플러스 82),"(주)플러스82(PLUS82Co.,Ltd.)",122,102,0,0,8,0.8360655737704918,0.0,476469,4.76469,3147.0
2017,PRABEAN,PRABEAN,(주)프라빈,13,1,4,0,2,0.07692307692307693,0.3076923076923077,216592,2.16592,827.2
2018,PRABEAN,PRABEAN,(주)프라빈,15,5,3,0,3,0.3333333333333333,0.2,191367,1.91367,758.0
2019,PRABEAN,PRABEAN,(주)프라빈,16,3,2,0,3,0.1875,0.125,231389,2.31389,869.3
2023,PRABEAN,PRABEAN,(주)프라빈,10,0,4,0,0,0.0,0.4,173486,1.73486,704.0
2024,PRABEAN,PRABEAN,(주)프라빈,8,0,3,0,1,0.0,0.375,186107,1.86107,741.9
2024,PRESENT,PRESENT(프레전트),㈜프레전트,6,6,0,0,0,1.0,0.0,0,0.0,0.0
2022,Pause 10',Pause 10',퍼즈10,1,1,0,0,0,1.0,0.0,0,0.0,0.0
2023,Pause 10',Pause 10',퍼즈10,1,0,0,0,0,0.0,0.0,0,0.0,0.0
2024,Pause 10',Pause 10',퍼즈10,1,0,0,0,0,0.0,0.0,0,0.0,0.0
2019,R.M COFFEE,R.M COFFEE,알엠컴퍼니(R.MCOMPANY),2,2,0,0,0,1.0,0.0,0,0.0,0.0
2019,SIS리테일,SIS리테일,(주)에스아이에스리테일,3,3,0,0,0,1.0,0.0,0,0.0,0.0
2024,SPACE COFFEE,SPACE COFFEE(스페이스커피),스페이스,4,4,0,0,0,1.0,0.0,0,0.0,0.0
2023,STORANT,STORANT(스토랑트),(주)스토랑,1,1,0,0,0,1.0,0.0,0,0.0,0.0
2019,Smith Barney,Smith Barney,펩코코리아(주),1,1,0,0,0,1.0,0.0,0,0.0,0.0
2023,TESTER COFFEE,TESTER COFFEE(테스터커피),테스터,1,1,0,0,0,1.0,0.0,0,0.0,0.0
2024,THE BLUE COFFEE,THE BLUE COFFEE,(주)더블루커피,12,4,1,0,0,0.3333333333333333,0.08333333333333333,178575,1.78575,2319.1
2024,THE LITER,THE LITER (더리터,(주)희천,433,59,34,0,54,0.13625866050808313,0.07852193995381063,142429,1.42429,942.6
2023,THE 더 맛있는 과일&1L커피,THE 더 맛있는 과일&1L커피 ,(주)신아에프앤비,25,21,6,0,3,0.84,0.24,0,0.0,0.0
2024,THE 더 맛있는 과일&1L커피,THE 더 맛있는 과일&1L커피 ,(주)신아에프앤비,20,5,10,0,2,0.25,0.5,0,0.0,0.0
2022,THE더맛있는과일&1L커피,THE더맛있는과일&1L커피,(주)신아에프앤비,10,10,0,0,0,1.0,0.0,0,0.0,0.0
2019,TOBBYS,TOBBYS(토비즈커피),(주)지인터내셔날피엔케이,1,1,0,0,0,1.0,0.0,0,0.0,0.0
2020,TOBBYS,TOBBYS(토비즈커피),(주)지인터내셔날피엔케이,1,0,0,0,0,0.0,0.0,0,0.0,0.0
2021,TOBBYS,TOBBYS(토비즈커피),(주)지인터내셔날피엔케이,1,0,0,0,0,0.0,0.0,0,0.0,0.0
2022,TOP LITER,TOP LITER,(주)탑컴퍼니,5,5,0,0,0,1.0,0.0,163888,1.63888,1057.3
2023,TOP LITER,TOP LITER,(주)탑컴퍼니,8,3,0,0,1,0.375,0.0,225309,2.25309,1546.7
2024,TOP LITER,TOP LITER,(주)탑컴퍼니,11,5,0,2,0,0.45454545454545453,0.18181818181818182,234837,2.34837,1516.3
2018,cafe051,cafe051 ,(주)051커피컴퍼니,8,8,0,0,0,1.0,0.0,0,0.0,0.0
2019,cafe051,cafe051(카페051),051커피컴퍼니,21,13,0,0,4,0.6190476190476191,0.0,159683,1.59683,1340.8
2020,cafe051,cafe051(카페051),051커피컴퍼니,61,40,0,0,7,0.6557377049180327,0.0,195043,1.95043,1693.3
2019,cafe65℃,cafe65℃ ,(주)육십오도씨,14,3,2,0,0,0.21428571428571427,0.14285714285714285,163738,1.63738,773.0
2020,cafe65℃,cafe65℃ ,(주)육십오도씨,14,1,1,0,1,0.07142857142857142,0.07142857142857142,166191,1.66191,756.8
2021,cafe65℃,cafe65℃ ,(주)육십오도씨,11,0,4,0,1,0.0,0.36363636363636365,109706,1.09706,471.5
2022,cafe65℃,cafe65℃,(주)육십오도씨,11,1,0,1,0,0.09090909090909091,0.09090909090909091,72411,0.72411,312.1
2023,cafe65℃,cafe65℃,(주)육십오도씨,7,0,3,0,0,0.0,0.42857142857142855,171745,1.71745,872.7
2020,fave,fave,(주)페이브푸드,2,2,0,0,0,1.0,0.0,406008,4.06008,1127.2
2024,if coffee,if coffee,이프컴퍼니,4,4,0,0,0,1.0,0.0,276334,2.76334,460.6
2017,jay coffee,jay coffee,제이에이치푸드,2,2,0,0,0,1.0,0.0,0,0.0,0.0
2018,jay coffee,jay coffee,제이에이치푸드,5,4,0,1,0,0.8,0.2,141602,1.41602,297.4
2023,jay coffee,jay coffee,제이커피,4,0,0,3,0,0.0,0.75,0,0.0,0.0
2024,jay coffee,jay coffee,제이커피,4,0,0,0,0,0.0,0.0,0,0.0,0.0
2017,가배두림,가배두림,(주)가배두림,15,1,6,0,0,0.06666666666666667,0.4,324486,3.24486,1409.2
2023,가배원COFFEE,가배원COFFEE,(주)올바룻가베,1,1,0,0,0,1.0,0.0,0,0.0,0.0
2022,가유카페,가유카페,가유카페,16,7,0,0,3,0.4375,0.0,143322,1.43322,1055.3
2023,가유카페,가유카페,가유카페,18,3,1,0,3,0.16666666666666666,0.05555555555555555,113668,1.13668,820.6
2024,가유카페,가유카페,가유카페,17,2,3,0,6,0.11764705882352941,0.17647058823529413,128277,1.28277,655.2
2024,갈바트 카페,갈바트 카페,㈜이지에프앤비,2,2,0,0,0,1.0,0.0,0,0.0,0.0
2019,감성커피,감성커피,(주)비브라더스,121,121,0,0,0,1.0,0.0,148473,1.48473,1204.9
2020,감성커피,감성커피,(주)비브라더스,162,60,19,0,0,0.37037037037037035,0.11728395061728394,137315,1.37315,1052.9
2021,감성커피,감성커피,(주)비브라더스,199,60,23,0,0,0.3015075376884422,0.11557788944723618,113646,1.13646,832.2
2022,감성커피,감성커피,(주)비브라더스,253,83,29,0,0,0.32806324110671936,0.11462450592885376,83694,0.83694,612.5
2023,감성커피,감성커피,(주)비브라더스,299,77,31,0,0,0.25752508361204013,0.10367892976588629,99681,0.99681,733.3
2024,감성커피,감성커피,(주)비브라더스,311,67,55,0,0,0.21543408360128619,0.17684887459807075,133350,1.3335,972.5
2023,감프커피,감프커피,감프커피,1,1,0,0,0,1.0,0.0,0,0.0,0.0
2024,감프커피,감프커피,감프커피,1,0,0,0,0,0.0,0.0,0,0.0,0.0
2017,거북이의 기적,거북이의 기적,주식회사 심플맨,1,1,0,0,0,1.0,0.0,0,0.0,0.0
2018,경성코페,경성코페,(주)경성글로벌,7,7,0,0,0,1.0,0.0,30143,0.30143,51.5
2019,경성코페,경성코페,(주)경성글로벌,10,3,0,0,1,0.3,0.0,270837,2.70837,427.4
2020,경성코페,경성코페,(주)경성글로벌,11,2,1,0,1,0.18181818181818182,0.09090909090909091,241571,2.41571,379.1
2021,경성코페,경성코페,(주)경성글로벌,14,4,1,0,1,0.2857142857142857,0.07142857142857142,183009,1.83009,288.5
2023,고더커피,고더커피,㈜고더컴퍼니,9,9,0,0,0,1.0,0.0,182605,1.82605,1404.6
2024,고더커피,고더커피,㈜고더컴퍼니,26,18,1,0,0,0.6923076923076923,0.038461538461538464,140927,1.40927,1162.3
2021,고망고,고망고,(주)프로젝트비,2,2,0,0,0,1.0,0.0,0,0.0,0.0
2022,고망고,고망고,(주)프로젝트비,18,16,0,0,2,0.8888888888888888,0.0,144846,1.44846,1630.6
2023,고망고,고망고,(주)프로젝트비,33,19,4,0,0,0.5757575757575758,0.12121212121212122,127046,1.27046,1241.0
2024,고망고,고망고,(주)프로젝트비,52,23,5,1,1,0.4423076923076923,0.11538461538461539,156553,1.56553,1630.3
2019,고바슨,고바슨,(주)고바슨,1,1,0,0,0,1.0,0.0,0,0.0,0.0
2020,고바슨,고바슨,(주)고바슨,3,2,0,0,0,0.6666666666666666,0.0,0,0.0,0.0
2021,고바슨,고바슨,(주)고바슨,4,1,0,0,0,0.25,0.0,0,0.0,0.0
2022,고바슨,고바슨,(주)고바슨,6,2,0,0,0,0.3333333333333333,0.0,270167,2.70167,245.6
2023,고바슨,고바슨,(주)고바슨,5,0,1,0,0,0.0,0.2,347616,3.47616,316.0
2024,고바슨,고바슨,(주)고바슨,7,2,0,0,0,0.2857142857142857,0.0,363651,3.63651,290.9
2019,고품격 커피공장,고품격 커피공장,고품격커피공장,2,0,0,0,0,0.0,0.0,0,0.0,0.0
2020,고품격 커피공장,고품격 커피공장,고품격커피공장,8,6,0,0,0,0.75,0.0,154011,1.54011,1180.1
2022,고품격 커피공장,고품격 커피공장,고품격커피공장,25,13,0,0,0,0.52,0.0,148753,1.48753,1269.4
2023,고품격커피공장,고품격커피공장,고품격커피공장,35,11,1,0,1,0.3142857142857143,0.02857142857142857,137819,1.37819,1203.6
2024,고품격커피공장,고품격커피공장,고품격커피공장,32,4,7,0,5,0.125,0.21875,129284,1.29284,1063.9
2017,곰미커피,곰미커피,곰미커피,3,3,0,0,0,1.0,0.0,0,0.0,0.0
2018,곰미커피,곰미커피,곰미커피,5,2,0,0,0,0.4,0.0,0,0.0,0.0
2019,곰미커피,곰미커피,곰미커피,4,0,1,0,0,0.0,0.25,0,0.0,0.0
2017,곰브라더스,곰브라더스,(주)제이스타임,46,48,2,0,2,1.0434782608695652,0.043478260869565216,94305,0.94305,1007.3
2018,곰브라더스,곰브라더스,(주)제이스타임,46,16,16,0,2,0.34782608695652173,0.34782608695652173,96636,0.96636,885.8
2019,곰브라더스,곰브라더스,(주)제이스타임,25,0,21,0,2,0.0,0.84,81531,0.81531,732.9
2020,곰브라더스,곰브라더스,(주)제이스타임,11,0,14,0,0,0.0,1.2727272727272727,84582,0.84582,757.8
2017,공차,공차,(주)공차코리아,294,49,26,23,23,0.16666666666666666,0.16666666666666666,223447,2.23447,1264.1
2018,공차,공차,(주)공차코리아,314,51,15,16,20,0.1624203821656051,0.09872611464968153,236640,2.3664,1390.4
2019,공차,공차,(주)공차코리아,381,84,8,9,23,0.2204724409448819,0.04461942257217848,320293,3.20293,1892.3
2020,공차,공차,(주)공차코리아,498,126,6,3,29,0.25301204819277107,0.018072289156626505,448335,4.48335,2537.8
2021,공차,공차,(주)공차코리아,611,126,12,1,21,0.20621931260229132,0.02127659574468085,308060,3.0806,1633.8
2022,공차,공차,(주)공차코리아,707,106,9,1,31,0.14992927864214992,0.014144271570014143,299079,2.99079,1535.7
2023,공차,공차,(주)공차코리아,793,106,20,0,46,0.13366960907944514,0.025220680958385876,315231,3.15231,1616.8
2024,공차,공차,(주)공차코리아,834,84,43,0,55,0.10071942446043165,0.05155875299760192,274682,2.74682,1392.5
2023,과일에반하다.프루타,과일에반하다.프루타,(주)홀릭코퍼레이션,62,55,6,0,3,0.8870967741935484,0.0967741935483871,455694,4.55694,2779.4
2024,과일에반하다.프루타,과일에반하다.프루타,(주)홀릭코퍼레이션,63,9,7,0,11,0.14285714285714285,0.1111111111111111,311369,3.11369,1893.3
2024,과일욤,과일욤,과일욤,1,1,0,0,0,1.0,0.0,0,0.0,0.0
2023,과일의숲,과일의숲,데일리푸드,19,19,0,0,0,1.0,0.0,0,0.0,0.0
2024,과일의숲,과일의숲,데일리푸드,8,0,11,0,0,0.0,1.375,189970,1.8997,942.1
2017,구스띠모,구스띠모,(주)구스띠모코리아,13,0,5,0,1,0.0,0.38461538461538464,87461,0.87461,1071.2
2018,구스띠모,구스띠모,(주)구스띠모코리아,9,0,4,0,0,0.0,0.4444444444444444,85527,0.85527,1010.8
2023,구스카토,구스카토,구스카토,1,0,0,0,0,0.0,0.0,134081,1.34081,670.4
2024,구스카토,구스카토,구스카토,3,2,0,0,0,0.6666666666666666,0.0,165200,1.652,402.5
2017,그라찌에,그라찌에,(주)풍전에프앤비,86,6,0,15,8,0.06976744186046512,0.1744186046511628,114507,1.14507,507.4
2023,그라츠커피랩,그라츠커피랩(GRAZ COFFEE LAB),(주)그라츠커피랩,14,14,0,0,0,1.0,0.0,173094,1.73094,1038.2
2024,그라츠커피랩,그라츠커피랩(GRAZ COFFEE LAB),(주)그라츠커피랩,20,9,3,0,1,0.45,0.15,138939,1.38939,1018.9
2021,그래도달,그래도달,그래도달,1,1,0,0,0,1.0,0.0,0,0.0,0.0
2024,그레이핍플커피,그레이핍플커피,(주)그레이핍플,7,7,0,0,0,1.0,0.0,0,0.0,0.0
2023,그릭오,그릭오(GREEK-O),앤드식스㈜,5,5,0,0,0,1.0,0.0,152205,1.52205,1323.5
2024,그릭오,그릭오(GREEK-O),앤드식스㈜,7,2,0,0,1,0.2857142857142857,0.0,128772,1.28772,4251.1
2021,그림카페,그림카페(Greem Cafe),(주)텔러스테크,2,1,0,0,0,0.5,0.0,0,0.0,0.0
2022,그림카페,그림카페,(주)텔러스테크,4,2,0,0,0,0.5,0.0,143739,1.43739,23.2
2023,그림카페,그림카페,(주)텔러스테크,4,0,0,0,0,0.0,0.0,183454,1.83454,297.1
2024,그림카페,그림카페,(주)텔러스테크,4,0,0,0,0,0.0,0.0,154715,1.54715,250.6
2017,글로리아진스커피,글로리아진스커피,(주)글로리아진스커피코리아,9,1,0,0,0,0.1111111111111111,0.0,118716,1.18716,477.0
2018,글로리아진스커피,글로리아진스커피,(주)글로리아진스커피코리아,7,0,0,2,0,0.0,0.2857142857142857,128350,1.2835,547.8
2019,글로리아진스커피,글로리아진스커피,(주)글로리아진스커피코리아,6,0,1,0,0,0.0,0.16666666666666666,129001,1.29001,486.7
2020,글로리아진스커피,글로리아진스커피,(주)글로리아진스커피코리아,4,0,2,0,0,0.0,0.5,0,0.0,0.0
2022,금커피별빙수,금커피별빙수,(주)다경컴퍼니,43,30,1,0,0,0.6976744186046512,0.023255813953488372,34618,0.34618,221.6
2023,금커피별빙수,금커피별빙수,(주)다경컴퍼니,45,9,7,0,2,0.2,0.15555555555555556,26155,0.26155,175.9
2024,금커피별빙수,금커피별빙수,(주)다경컴퍼니,46,5,4,0,8,0.10869565217391304,0.08695652173913043,242802,2.42802,1605.9
2021,기기커피,기기커피,(주)비티브랜즈코리아,2,2,0,0,0,1.0,0.0,0,0.0,0.0
2022,기기커피,기기커피,(주)비티브랜즈코리아,2,1,1,0,0,0.5,0.5,0,0.0,0.0
2023,기기커피,기기커피,(주)비티브랜즈코리아,5,3,0,0,0,0.6,0.0,0,0.0,0.0
2024,기기커피,기기커피,(주)비티브랜즈코리아,9,4,0,0,0,0.4444444444444444,0.0,161490,1.6149,741.9
2022,김준호의대단한커피,김준호의대단한커피,(주)대단한에프앤비,2,2,0,0,0,1.0,0.0,0,0.0,0.0
2017,까사밍고,까사밍고,(주)라이온에프지,25,11,6,0,0,0.44,0.24,213183,2.13183,557.3
2018,까사밍고,까사밍고,(주)라이온에프지,24,9,10,0,1,0.375,0.4166666666666667,243175,2.43175,560.5
2019,까사밍고,까사밍고,(주)라이온에프지,10,3,13,0,0,0.3,1.3,267303,2.67303,574.1
2020,까사밍고,까사밍고,(주)라이온에프지,7,0,3,0,0,0.0,0.42857142857142855,230776,2.30776,519.2
2023,까사부사노,까사부사노,까사부사노광안점,1,0,0,0,0,0.0,0.0,0,0.0,0.0
2024,까사부사노,까사부사노,(주)문화의물결에프엔씨,2,1,0,0,0,0.5,0.0,725196,7.25196,3698.8
2017,까페이탈리아,까페이탈리아,까페이탈리아코리아(주),7,7,0,0,0,1.0,0.0,114640,1.1464,654.1
2023,꽈로플,꽈로플,㈜제이피에프엔비,2,2,0,0,0,1.0,0.0,240000,2.4,2514.2
2024,꽈로플,꽈로플,㈜제이피에프엔비,1,0,1,0,0,0.0,1.0,180000,1.8,1200.0
2018,꿀스커피GGUL&#39;S COFFEE,꿀스커피GGUL&#39;S COFFEE,(주)정직한,7,7,0,0,0,1.0,0.0,0,0.0,0.0
2019,꿀스커피GGUL&#39;S COFFEE,꿀스커피GGUL&#39;S COFFEE,(주)정직한,23,17,0,1,2,0.7391304347826086,0.043478260869565216,83003,0.83003,582.8
2020,꿀스커피GGUL&#39;S COFFEE,꿀스커피GGUL&#39;S COFFEE,(주)정직한,36,19,0,6,3,0.5277777777777778,0.16666666666666666,84639,0.84639,518.9
2023,꿀스커피GGUL&#39;S COFFEE,꿀스커피GGUL&#39;S COFFEE,(주)정직한,26,1,0,6,1,0.038461538461538464,0.23076923076923078,101006,1.01006,573.4
2021,꿀스커피GGUL'S COFFEE,꿀스커피GGUL'S COFFEE,(주)정직한,44,13,0,5,5,0.29545454545454547,0.11363636363636363,87670,0.8767,455.7
2022,꿀스커피GGUL'S COFFEE,꿀스커피GGUL'S COFFEE,(주)정직한,31,0,0,13,5,0.0,0.41935483870967744,96022,0.96022,520.4
2024,꿀스커피GGUL'S COFFEE,꿀스커피GGUL'S COFFEE,(주)정직한,16,0,0,10,3,0.0,0.625,66234,0.66234,402.8
2022,나를 위한 하루 날 위한 커피,나를 위한 하루 날 위한 커피,나를위한하루날위한커피,2,2,0,0,0,1.0,0.0,0,0.0,0.0
2023,나를 위한 하루 날 위한 커피,나를 위한 하루 날 위한 커피,나를위한하루날위한커피,3,1,0,0,0,0.3333333333333333,0.0,0,0.0,0.0
2024,나를 위한 하루 날 위한 커피,나를 위한 하루 날 위한 커피,나를위한하루날위한커피,3,1,1,0,0,0.3333333333333333,0.3333333333333333,0,0.0,0.0
2021,나우커피,나우커피,㈜나우커피,315,315,0,0,2,1.0,0.0,31475,0.31475,348.8
2022,나우커피,나우커피,㈜나우커피,463,193,45,0,2,0.4168466522678186,0.09719222462203024,2958,0.02958,33.1
2023,나우커피,나우커피,㈜나우커피,504,91,50,0,20,0.18055555555555555,0.0992063492063492,35019,0.35019,388.9
2024,나우커피,나우커피,㈜나우커피,470,14,5,43,23,0.029787234042553193,0.10212765957446808,31019,0.31019,343.1
2017,나인어클락커피,나인어클락커피,(주)나인어클락,8,4,0,0,0,0.5,0.0,153068,1.53068,426.5
2018,나인어클락커피,나인어클락커피,(주)나인어클락,11,4,1,0,0,0.36363636363636365,0.09090909090909091,114115,1.14115,386.0
2019,나인어클락커피,나인어클락커피,(주)나인어클락,6,0,0,5,0,0.0,0.8333333333333334,126616,1.26616,521.2
2020,날쌘카페,날쌘카페,날쌘카페(주),8,5,0,0,0,0.625,0.0,0,0.0,0.0
2021,날쌘카페,날쌘카페,날쌘카페(주),34,26,0,0,4,0.7647058823529411,0.0,126058,1.26058,1023.3
2022,날쌘카페,날쌘카페,날쌘카페(주),65,33,1,1,5,0.5076923076923077,0.03076923076923077,119086,1.19086,1113.0
2023,날쌘카페,날쌘카페,날쌘카페(주),52,9,20,2,6,0.17307692307692307,0.4230769230769231,97771,0.97771,815.2
2024,남토하우스,남토하우스,남토하우스커피,1,1,0,0,0,1.0,0.0,0,0.0,0.0
2017,낭만다방,낭만다방,(주)낭만연구소,10,1,1,0,0,0.1,0.1,20387,0.20387,46.8
2021,노란꼬무줄,노란꼬무줄,노란꼬무줄,1,1,0,0,0,1.0,0.0,0,0.0,0.0
2022,노란꼬무줄,노란꼬무줄,노란꼬무줄,2,1,0,0,0,0.5,0.0,0,0.0,0.0
2023,노란꼬무줄,노란꼬무줄,노란꼬무줄,2,0,0,0,0,0.0,0.0,273436,2.73436,2200.8
2024,노란꼬무줄,노란꼬무줄,노란꼬무줄,1,0,1,0,0,0.0,1.0,0,0.0,0.0
2024,노스티,노스티,(주)씨엠에프인터내셔널,1,1,0,0,0,1.0,0.0,0,0.0,0.0
2019,뉴욕보틀,뉴욕보틀,원유통뉴욕보틀,1,1,0,0,0,1.0,0.0,0,0.0,0.0
2021,뉴욕쟁이디저트,뉴욕쟁이디저트,(주)티앤엠디,41,41,0,0,0,1.0,0.0,0,0.0,0.0
2022,뉴욕쟁이디저트,뉴욕쟁이디저트,(주)티앤엠디,76,35,0,0,0,0.4605263157894737,0.0,68892,0.68892,433.6
2023,뉴욕쟁이디저트,뉴욕쟁이디저트,(주)뉴디,47,6,31,0,6,0.1276595744680851,0.6595744680851063,125038,1.25038,795.5
2024,뉴플레이스커피,뉴플레이스커피,(주)뉴플레이스에프엔비,1,0,0,2,0,0.0,2.0,0,0.0,0.0
2018,닐리스,닐리스(Nilli&#39;s),(주)라파미코,6,3,2,0,0,0.5,0.3333333333333333,139979,1.39979,444.9
2019,닐리스,닐리스(Nilli&#39;s),(주)라파미코,7,3,2,0,0,0.42857142857142855,0.2857142857142857,232413,2.32413,559.6
2017,닐리스커피,닐리스커피(Nilli&#39;s Coffee),(주)라파미코,5,3,0,0,0,0.6,0.0,208458,2.08458,1219.7
2017,다빈치커피,다빈치커피,제이에이치다빈치(주),46,1,0,10,3,0.021739130434782608,0.21739130434782608,137289,1.37289,612.2
2018,다빈치커피,다빈치커피,(주)다빈치,39,0,0,7,3,0.0,0.1794871794871795,117300,1.173,545.2
2019,다빈치커피,다빈치커피,(주)다빈치,27,0,12,0,0,0.0,0.4444444444444444,112658,1.12658,516.3
2020,다빈치커피,다빈치커피,(주)다빈치,19,0,5,3,0,0.0,0.42105263157894735,105789,1.05789,465.4
2021,다빈치커피,다빈치커피,(주)다빈치,17,1,0,3,0,0.058823529411764705,0.17647058823529413,78788,0.78788,337.6
2022,다빈치커피,다빈치커피,(주)다빈치,10,0,1,6,0,0.0,0.7,71746,0.71746,266.0
2023,다빈치커피,다빈치커피,(주)다빈치,9,0,0,1,0,0.0,0.1111111111111111,84510,0.8451,263.1
2022,달.콤,달.콤,(주)다날에프엔비,114,3,15,0,3,0.02631578947368421,0.13157894736842105,138585,1.38585,385.4
2022,달구나 까페,달구나 까페,(주)제이에스에스홀딩스,1,1,0,0,0,1.0,0.0,0,0.0,0.0
2021,달꽃다방,달꽃다방,달꽃다방,1,1,0,0,0,1.0,0.0,0,0.0,0.0
2022,달꽃다방,달꽃다방,(주)포어스코퍼레이션,6,5,0,0,0,0.8333333333333334,0.0,287143,2.87143,2632.1
2023,달꽃다방,달꽃다방,(주)포어스코퍼레이션,9,3,0,0,3,0.3333333333333333,0.0,200291,2.00291,1112.7
2024,달꽃다방,달꽃다방,(주)포어스코퍼레이션,5,1,3,2,0,0.2,1.0,272499,2.72499,1404.6
2023,달다곰이,달다곰이,씨앰비즈(주),7,8,1,0,0,1.1428571428571428,0.14285714285714285,66772,0.66772,910.5
2023,달다구니,달다구니(DALDAGUNI),한가득팜,2,2,0,0,0,1.0,0.0,0,0.0,0.0
2024,달다구니,달다구니(DALDAGUNI),한가득팜,5,3,0,0,0,0.6,0.0,399625,3.99625,399.6
2018,달리는커피,달리는커피,써니유통,8,8,0,0,0,1.0,0.0,0,0.0,0.0
2019,달리는커피,달리는커피,써니유통,33,27,2,0,0,0.8181818181818182,0.06060606060606061,126619,1.26619,1014.6
2020,달리는커피,달리는커피,(주)달리는커피코리아,49,20,4,0,2,0.40816326530612246,0.08163265306122448,141177,1.41177,962.8
2021,달리는커피,달리는커피,(주)달리는커피코리아,114,71,6,0,9,0.6228070175438597,0.05263157894736842,141177,1.41177,962.8
2022,달리는커피,달리는커피,(주)달리는커피코리아,237,141,18,0,28,0.5949367088607594,0.0759493670886076,126943,1.26943,996.9
2023,달리는커피,달리는커피,(주)달리는커피코리아,274,68,31,0,46,0.24817518248175183,0.11313868613138686,126764,1.26764,1118.8
2024,달리는커피,달리는커피,(주)달리는커피코리아,271,33,36,0,78,0.12177121771217712,0.13284132841328414,75639,0.75639,635.0
2017,달콤,달콤,(주)달콤,110,46,11,0,9,0.41818181818181815,0.1,317451,3.17451,465.2
2018,달콤,달콤,(주)달콤,152,54,12,0,3,0.35526315789473684,0.07894736842105263,302402,3.02402,509.8
2019,달콤,달콤,(주)달콤,138,19,20,0,12,0.13768115942028986,0.14492753623188406,224607,2.24607,439.9
2020,달콤,달콤,(주)달콤,138,14,14,1,5,0.10144927536231885,0.10869565217391304,207629,2.07629,437.0
2021,달콤,달콤,(주)다날에프엔비,126,16,31,1,9,0.12698412698412698,0.25396825396825395,154867,1.54867,347.2
2022,댄싱컵,댄싱컵(DANCINGCUP),(주)위드런,12,12,0,0,0,1.0,0.0,188175,1.88175,1396.1
2023,댄싱컵,댄싱컵(DANCINGCUP),(주)위드런,71,59,0,0,0,0.8309859154929577,0.0,200556,2.00556,1522.3
2024,댄싱컵,댄싱컵(DANCINGCUP),(주)위드런,107,39,3,0,16,0.3644859813084112,0.028037383177570093,187366,1.87366,1392.2
2024,더노벰버 라운지,더노벰버 라운지,더노벰버(주),3,0,0,0,0,0.0,0.0,0,0.0,0.0
2022,더드림커피,더드림커피,더드림커피,5,4,0,0,0,0.8,0.0,0,0.0,0.0
2023,더드림커피,더드림커피,더드림,10,5,0,0,1,0.5,0.0,107752,1.07752,990.8
2024,더드림커피,더드림커피,더드림,13,4,1,0,7,0.3076923076923077,0.07692307692307693,80406,0.80406,670.0
2017,더리터,더리터(THE LITER),(주)더,76,56,0,0,0,0.7368421052631579,0.0,200670,2.0067,1623.9
2018,더리터,더리터(THE LITER),(주)더,125,61,9,1,2,0.488,0.08,163944,1.63944,1251.4
2019,더리터,더리터(THE LITER),(주)더,183,69,7,4,13,0.3770491803278688,0.060109289617486336,164460,1.6446,1196.0
2020,더리터,더리터(THE LITER),(주)희천,224,55,16,0,21,0.24553571428571427,0.07142857142857142,176151,1.76151,1199.2
2021,더리터,더리터(THE LITER),(주)희천,285,76,1,14,23,0.26666666666666666,0.05263157894736842,171209,1.71209,1269.0
2022,더리터,더리터(THE LITER),(주)희천,355,81,7,6,33,0.22816901408450704,0.036619718309859155,169399,1.69399,1093.3
2023,더리터,더리터(THE LITER),(주)희천,408,80,19,4,29,0.19607843137254902,0.056372549019607844,215036,2.15036,0.0
2018,더마스터커피,더마스터커피,(주)제이윈스(Jwins),5,5,0,0,0,1.0,0.0,0,0.0,0.0
2019,더마스터커피,더마스터커피,(주)제이윈스(Jwins),8,3,0,0,0,0.375,0.0,117202,1.17202,657.2
2020,더마스터커피,더마스터커피,(주)제이윈스(Jwins),10,2,0,0,1,0.2,0.0,111168,1.11168,680.6
2019,더바움,더바움(The BAUM),(주)더바움코리아,5,5,0,0,0,1.0,0.0,0,0.0,0.0
2020,더바움,더바움(The BAUM),(주)더바움코리아,13,10,0,2,0,0.7692307692307693,0.15384615384615385,216947,2.16947,2056.4
2017,더버스스탑,더버스스탑,(주)버블티코리아,3,1,0,0,0,0.3333333333333333,0.0,0,0.0,0.0
2018,더버스스탑,더버스스탑,(주)버블티코리아,3,0,0,0,0,0.0,0.0,0,0.0,0.0
2017,더벤티,더벤티,(주)더벤티코리아,187,59,2,1,18,0.3155080213903743,0.016042780748663103,278329,2.78329,2032.0
2018,더벤티,더벤티,(주)더벤티코리아,229,47,5,0,0,0.2052401746724891,0.021834061135371178,235526,2.35526,1802.5
2019,더벤티,더벤티,(주)더벤티코리아,282,68,12,1,28,0.24113475177304963,0.04609929078014184,211743,2.11743,1621.1
2020,더벤티,더벤티,(주)더벤티코리아,381,117,15,3,36,0.30708661417322836,0.047244094488188976,213240,2.1324,1666.0
2021,더벤티,더벤티,(주)더벤티코리아,504,137,4,10,30,0.2718253968253968,0.027777777777777776,186973,1.86973,1498.4
2022,더벤티,더벤티,(주)에스앤씨세인,756,269,3,14,77,0.3558201058201058,0.022486772486772486,224390,2.2439,1831.4
2023,더벤티,더벤티,(주)에스앤씨세인,993,266,14,15,108,0.2678751258811682,0.02920443101711984,228074,2.28074,1860.7
2024,더벤티,더벤티,(주)에스앤씨세인,1129,197,19,42,150,0.1744906997342781,0.054030115146147036,230012,2.30012,1833.3
2021,더앨리,더앨리(THE ALLEY),(주)앤그로운,4,3,1,0,0,0.75,0.25,0,0.0,0.0
2022,더앨리,더앨리(THE ALLEY),(주)앤그로운,7,5,2,0,0,0.7142857142857143,0.2857142857142857,125241,1.25241,520.9
2023,더앨리,더앨리(THE ALLEY),(주)앤그로운,9,4,2,0,0,0.4444444444444444,0.2222222222222222,119351,1.19351,509.6
2024,더앨리,더앨리(THE ALLEY),(주)앤그로운,5,0,4,0,0,0.0,0.8,109385,1.09385,435.9
2024,더원커피,더원커피,더원커피(THEWONCOFFEE)수영점,3,3,0,0,0,1.0,0.0,130191,1.30191,513.9
2017,더웨이닝커피,더웨이닝커피(THE WAIN-ING COFFEE),(주)웨이닝코리아,29,7,1,2,0,0.2413793103448276,0.10344827586206896,166071,1.66071,454.8
2018,더웨이닝커피,더웨이닝커피(THE WAIN-ING COFFEE),(주)웨이닝코리아,29,4,0,4,0,0.13793103448275862,0.13793103448275862,177724,1.77724,450.3
2019,더웨이닝커피,더웨이닝커피(THE WAIN-ING COFFEE),(주)웨이닝코리아,30,2,0,1,1,0.06666666666666667,0.03333333333333333,205497,2.05497,509.4
2020,더웨이닝커피,더웨이닝커피(THE WAIN-ING COFFEE),(주)웨이닝코리아,32,6,0,4,0,0.1875,0.125,235701,2.35701,507.6
2021,더웨이닝커피,더웨이닝커피(THE WAIN-ING COFFEE),(주)웨이닝코리아,34,4,0,2,0,0.11764705882352941,0.058823529411764705,199059,1.99059,517.0
2022,더웨이닝커피,더웨이닝커피(THE WAIN-ING COFFEE),(주)웨이닝코리아,41,8,0,1,1,0.1951219512195122,0.024390243902439025,151973,1.51973,517.0
2023,더웨이닝커피,더웨이닝커피,(주)웨이닝코리아,43,5,0,3,0,0.11627906976744186,0.06976744186046512,164503,1.64503,450.9
2024,더웨이닝커피,더웨이닝커피,(주)웨이닝코리아,43,3,0,3,0,0.06976744186046512,0.06976744186046512,171661,1.71661,495.8
2017,더착한커피,더착한커피,(주)스마트플레이스,116,24,18,1,11,0.20689655172413793,0.16379310344827586,118789,1.18789,550.5
2019,더착한커피,더착한커피,(주)더바른사람들,8,8,0,0,0,1.0,0.0,0,0.0,0.0
2017,더츠커피,더츠커피,(주)더츠굿,2,0,0,4,0,0.0,2.0,0,0.0,0.0
2018,더츠커피,더츠커피,(주)더츠굿,2,0,0,0,0,0.0,0.0,0,0.0,0.0
2019,더츠커피,더츠커피,(주)더츠굿,3,1,0,0,0,0.3333333333333333,0.0,0,0.0,0.0
2017,더치앤빈,더치앤빈,(주)진심코리아,33,22,1,0,0,0.6666666666666666,0.030303030303030304,153984,1.53984,923.9
2018,더치앤빈,더치앤빈,(주)진심코리아,91,62,4,0,3,0.6813186813186813,0.04395604395604396,150552,1.50552,908.2
2019,더치앤빈,더치앤빈,(주)진심코리아,111,43,23,0,7,0.38738738738738737,0.2072072072072072,111307,1.11307,908.2
2021,더치앤빈,더치앤빈,(주)진심코리아,126,17,13,0,7,0.1349206349206349,0.10317460317460317,129345,1.29345,263.7
2022,더치앤빈,더치앤빈,(주)진심코리아,121,9,14,0,7,0.0743801652892562,0.11570247933884298,128102,1.28102,822.0
2024,더치앤빈,더치앤빈,(주)진심코리아,87,7,24,0,4,0.08045977011494253,0.27586206896551724,131175,1.31175,602.3
2023,더치즈샵,더치즈샵,(주)더치즈샵,2,2,0,0,0,1.0,0.0,113112,1.13112,646.3
2024,더치즈샵,더치즈샵,(주)더치즈샵,2,0,0,0,0,0.0,0.0,183617,1.83617,1049.2
2017,더카페,더카페,(주)이랜드파크,192,17,13,0,16,0.08854166666666667,0.06770833333333333,133650,1.3365,1032.1
2018,더카페,더카페,(주)이랜드파크,186,22,28,0,18,0.11827956989247312,0.15053763440860216,149875,1.49875,1080.1
2019,더카페,더카페,(주)이랜드이츠,173,20,29,4,0,0.11560693641618497,0.1907514450867052,137376,1.37376,992.3
2020,더카페,더카페,(주)이랜드이츠,172,21,22,0,2,0.12209302325581395,0.12790697674418605,140700,1.407,1006.0
2021,더카페,더카페,(주)이랜드이츠,172,16,15,1,9,0.09302325581395349,0.09302325581395349,119886,1.19886,829.0
2022,더카페,더카페,(주)이랜드이츠,171,7,8,0,3,0.04093567251461988,0.04678362573099415,111551,1.11551,840.5
2023,더카페,더카페,(주)이랜드이츠,167,10,14,0,11,0.059880239520958084,0.08383233532934131,126092,1.26092,909.2
2024,더카페,더카페,(주)이랜드이츠,155,10,22,0,8,0.06451612903225806,0.14193548387096774,133646,1.33646,906.0
2022,더카페드림,더카페드림(THE카페드림),(주)더비즈랩,3,3,0,0,0,1.0,0.0,0,0.0,0.0
2022,더크로플,더크로플,더크로플,1,1,0,0,0,1.0,0.0,0,0.0,0.0
2023,더크로플,더크로플,더크로플,4,3,0,0,0,0.75,0.0,0,0.0,0.0
2019,더퓨러,더퓨러,(주)퓨로에프앤비,13,2,9,0,1,0.15384615384615385,0.6923076923076923,82349,0.82349,457.5
2020,더퓨러,더퓨러,(주)퓨로에프앤비,7,1,7,0,0,0.14285714285714285,1.0,120470,1.2047,638.6
2021,더퓨러,더퓨러,(주)퓨로에프앤비,5,1,3,0,0,0.2,0.6,131906,1.31906,926.1
2022,더퓨러,더퓨러,(주)퓨로에프앤비,6,1,0,0,0,0.16666666666666666,0.0,216020,2.1602,1113.8
2023,더퓨러,더퓨러,(주)퓨로에프앤비,3,1,4,0,0,0.3333333333333333,1.3333333333333333,149533,1.49533,226.3
2024,더퓨러,더퓨러,(주)퓨로에프앤비,1,0,2,0,1,0.0,2.0,0,0.0,0.0
2020,더플롯커피,더플롯커피(THE PLOT COFFEE),더플롯(THEPLOT),1,1,0,0,0,1.0,0.0,0,0.0,0.0
2021,더플롯커피,더플롯커피(THE PLOT COFFEE),더플롯(THEPLOT),7,6,0,0,0,0.8571428571428571,0.0,172407,1.72407,1124.3
2024,더플롯커피,더플롯커피(THE PLOT COFFEE),더플롯(THEPLOT),7,0,1,0,0,0.0,0.14285714285714285,169804,1.69804,958.5
2017,데니스,데니스,데니스,22,2,4,0,2,0.09090909090909091,0.18181818181818182,153714,1.53714,819.3
2018,데니스,데니스,데니스,22,4,4,0,1,0.18181818181818182,0.18181818181818182,148909,1.48909,786.4
2019,데니스,데니스,데니스,20,2,4,0,2,0.1,0.2,149333,1.49333,713.8
2020,데니스,데니스,데니스,18,5,7,0,2,0.2777777777777778,0.3888888888888889,151600,1.516,642.9
2021,데니스,데니스,데니스,25,8,0,1,1,0.32,0.04,95378,0.95378,445.2
2022,데니스,데니스,데니스,29,7,3,0,0,0.2413793103448276,0.10344827586206896,142080,1.4208,795.2
2024,데니스,데니스,데니스,35,3,0,0,0,0.08571428571428572,0.0,139417,1.39417,753.4
2017,데일리에스프레소,데일리에스프레소(Daily espresso),데일리에스프레소,5,2,0,0,0,0.4,0.0,0,0.0,0.0
2018,데일리에스프레소,데일리에스프레소(Daily espresso),데일리에스프레소,7,2,0,0,2,0.2857142857142857,0.0,161636,1.61636,324.1
2019,데일리에스프레소,데일리에스프레소(Daily espresso),데일리에스프레소,6,0,1,0,2,0.0,0.16666666666666666,194251,1.94251,342.1
2020,데일리에스프레소,데일리에스프레소(Daily espresso),데일리에스프레소,7,1,0,0,0,0.14285714285714285,0.0,187820,1.8782,340.8
2021,데일리에스프레소,데일리에스프레소(Daily espresso),데일리에스프레소,6,0,1,0,1,0.0,0.16666666666666666,149965,1.49965,279.6
2022,데일리에스프레소,데일리에스프레소(Daily espresso),데일리에스프레소,6,0,0,0,0,0.0,0.0,135834,1.35834,245.6
2023,데일리에스프레소,데일리에스프레소(Daily espresso),데일리에스프레소,5,0,1,0,0,0.0,0.2,146833,1.46833,256.0
2024,데일리에스프레소,데일리에스프레소(Daily espresso),데일리에스프레소,5,0,0,0,1,0.0,0.0,147867,1.47867,0.0
2019,데일리오아시스,데일리오아시스,데일리오아시스,4,4,0,0,0,1.0,0.0,0,0.0,0.0
2020,데일리오아시스,데일리오아시스,(주)에이치케이컴퍼니,6,3,1,0,0,0.5,0.16666666666666666,0,0.0,0.0
2021,데일리오아시스,데일리오아시스,(주)에이치케이컴퍼니,9,5,2,0,1,0.5555555555555556,0.2222222222222222,244138,2.44138,550.0
2022,데일리오아시스,데일리오아시스,(주)에이치케이컴퍼니,13,4,0,1,0,0.3076923076923077,0.07692307692307693,218790,2.1879,546.2
2023,데일리오아시스,데일리오아시스,(주)에이치케이컴퍼니,12,0,0,1,0,0.0,0.08333333333333333,305883,3.05883,779.8
2024,데일리오아시스,데일리오아시스,(주)에이치케이컴퍼니,11,1,1,1,0,0.09090909090909091,0.18181818181818182,409598,4.09598,1127.6
2021,데일리커피,데일리커피,데일리티(주),5,6,1,0,1,1.2,0.2,194113,1.94113,970.5
2022,데일리커피,데일리커피,데일리티(주),5,1,1,0,0,0.2,0.2,108754,1.08754,612.7
2017,델리뉴스,델리뉴스,(주)델리뉴스,7,0,1,0,2,0.0,0.14285714285714285,179573,1.79573,1381.3
2017,도노텀블,도노텀블,(주)도노텀블,10,8,2,0,0,0.8,0.2,0,0.0,0.0
2018,도노텀블,도노텀블,(주)도노텀블,11,3,2,0,0,0.2727272727272727,0.18181818181818182,0,0.0,0.0
2019,도노텀블,도노텀블,(주)도노텀블,11,4,4,0,1,0.36363636363636365,0.36363636363636365,86837,0.86837,381.5
2020,도노텀블,도노텀블,(주)도노텀블,16,6,2,0,1,0.375,0.125,128089,1.28089,524.4
2021,도노텀블,도노텀블,(주)도노텀블,14,1,1,2,4,0.07142857142857142,0.21428571428571427,94920,0.9492,408.7
2022,도노텀블,도노텀블,(주)도노텀블,10,1,2,3,0,0.1,0.5,98776,0.98776,497.1
2023,도노텀블,도노텀블,(주)도노텀블,8,0,1,1,0,0.0,0.25,103376,1.03376,490.1
2024,도노텀블,도노텀블,(주)도노텀블,5,0,2,1,0,0.0,0.6,108200,1.082,483.4
2020,도이창커피,도이창커피,(주)인티코프,1,1,0,0,0,1.0,0.0,0,0.0,0.0
2024,도케비커피,도케비커피(DoKKeB Coffee),㈜디케이비에프엔비,3,3,0,0,0,1.0,0.0,330560,3.3056,509.7
2022,동네커피,동네커피,동네컴퍼니,41,41,0,0,0,1.0,0.0,0,0.0,0.0
2023,동네커피,동네커피,동네컴퍼니,48,10,3,0,0,0.20833333333333334,0.0625,158761,1.58761,698.7
2024,동네커피,동네커피,동네컴퍼니,65,19,0,2,13,0.2923076923076923,0.03076923076923077,139236,1.39236,750.4
2023,동백다방,동백다방,베이커리카페동백다방,1,1,0,0,0,1.0,0.0,273100,2.731,975.3
2022,듀코비라운지,듀코비라운지,㈜듀코비,1,1,0,0,0,1.0,0.0,0,0.0,0.0
2023,듀코비라운지,듀코비라운지,㈜듀코비,1,1,0,0,0,1.0,0.0,0,0.0,0.0
2017,드롭탑,드롭탑(DROPTOP),(주)다도글로벌,209,21,12,4,21,0.10047846889952153,0.07655502392344497,263620,2.6362,462.4
2018,드롭탑,드롭탑(DROPTOP),(주)다도글로벌,221,34,16,6,26,0.15384615384615385,0.09954751131221719,264308,2.64308,522.7
2019,드롭탑,드롭탑(DROPTOP),(주)다도글로벌,228,34,21,6,22,0.14912280701754385,0.11842105263157894,246049,2.46049,506.7
2021,드롭탑,드롭탑(DROPTOP),(주)다도글로벌,215,17,20,6,45,0.07906976744186046,0.12093023255813953,177334,1.77334,392.9
2023,드롭탑,드롭탑(DROPTOP),(주)다도글로벌,202,30,0,34,12,0.1485148514851485,0.16831683168316833,231698,2.31698,470.3
2024,드롭탑,드롭탑(DROPTOP),(주)다도글로벌,169,14,24,23,21,0.08284023668639054,0.2781065088757396,272134,2.72134,869.0
2022,드림커피,드림커피,랜드유통,2,2,0,0,0,1.0,0.0,0,0.0,0.0
2017,드립앤더치,드립앤더치,연두커피인터내셔날(주),6,1,1,0,0,0.16666666666666666,0.16666666666666666,644281,6.44281,2884.8
2018,드립앤더치,드립앤더치,연두커피인터내셔날(주),5,0,0,2,0,0.0,0.4,475112,4.75112,1931.4
2019,드립앤더치,드립앤더치,연두커피인터내셔날(주),5,0,0,0,0,0.0,0.0,498593,4.98593,2026.8
2020,드립앤더치,드립앤더치,연두커피인터내셔날(주),4,1,2,0,0,0.25,0.5,0,0.0,0.0
2021,드립앤더치,드립앤더치,연두커피인터내셔날(주),3,0,0,0,0,0.0,0.0,0,0.0,0.0
2022,드립앤더치,드립앤더치,연두커피인터내셔날(주),3,0,0,0,0,0.0,0.0,0,0.0,0.0
2023,드립앤더치,드립앤더치,연두커피인터내셔날(주),3,3,0,3,0,1.0,1.0,741742,7.41742,5298.2
2024,드립앤더치,드립앤더치,연두커피인터내셔날(주),3,0,0,0,0,0.0,0.0,932731,9.32731,7363.7
2023,디디디알 캔&보틀커피,디디디알 캔&보틀커피,(주)아인컴퍼니,9,5,0,0,0,0.5555555555555556,0.0,279166,2.79166,1372.0
2024,디디디알캔&보틀커피,디디디알캔&보틀커피,(주)무유,21,13,1,0,0,0.6190476190476191,0.047619047619047616,191207,1.91207,1058.6
2022,디디커피,디디커피,(주)맛있는향기,17,18,1,0,0,1.0588235294117647,0.058823529411764705,42892,0.42892,227.0
2024,디디커피,디디커피,(주)맛있는향기,25,1,3,3,0,0.04,0.24,28626,0.28626,101.2
2021,디마노커피,디마노커피,디마노(Demano),6,2,0,0,0,0.3333333333333333,0.0,121757,1.21757,1032.9
2022,디마노커피,디마노커피,디마노(Demano),6,0,0,0,0,0.0,0.0,92269,0.92269,799.6
2017,디쉬룸,디쉬룸,(주)도레도레,1,1,0,0,0,1.0,0.0,0,0.0,0.0
2022,디알해쉬커피,디알해쉬커피,해쉬커피본점,6,6,0,0,0,1.0,0.0,122849,1.22849,1535.6
2017,디에떼에스프레소,디에떼에스프레소,(주)디떼,106,14,14,1,7,0.1320754716981132,0.14150943396226415,80116,0.80116,256.6
2018,디에떼에스프레소,디에떼에스프레소,(주)디떼,113,14,3,4,15,0.12389380530973451,0.061946902654867256,71965,0.71965,228.1
2019,디에떼에스프레소,디에떼에스프레소,(주)디떼,112,18,19,0,17,0.16071428571428573,0.16964285714285715,43179,0.43179,138.1
2020,디에떼에스프레소,디에떼에스프레소,(주)디떼,108,16,20,0,11,0.14814814814814814,0.18518518518518517,43231,0.43231,141.8
2021,디에떼에스프레소,디에떼에스프레소,(주)디떼,89,5,22,2,5,0.056179775280898875,0.2696629213483146,37673,0.37673,134.4
2022,디에떼에스프레소,디에떼에스프레소,(주)디떼,71,3,9,12,4,0.04225352112676056,0.29577464788732394,40763,0.40763,153.3
2023,디에떼에스프레소,디에떼에스프레소,(주)디떼,56,1,16,0,0,0.017857142857142856,0.2857142857142857,43255,0.43255,164.0
2024,디에떼에스프레소,디에떼에스프레소,(주)하정,33,2,20,5,0,0.06060606060606061,0.7575757575757576,40164,0.40164,155.0
2022,디저트 39,디저트 39,(주)에스엠씨인터내셔널,336,190,0,0,11,0.5654761904761905,0.0,374855,3.74855,2085.0
2024,디저트39,디저트39,(주)에스엠씨인터내셔널,529,100,16,19,22,0.1890359168241966,0.0661625708884688,325803,3.25803,1447.5
2022,디저트부티크엠,디저트부티크엠,디저트부티크엠,1,1,0,0,0,1.0,0.0,0,0.0,0.0
2023,디저트부티크엠,디저트부티크엠,디저트부티크엠,2,1,0,0,0,0.5,0.0,0,0.0,0.0
2017,디초콜릿커피,디초콜릿커피,(주)할리스에프앤비 ,30,1,8,1,3,0.03333333333333333,0.3,190115,1.90115,897.8
2017,디초콜릿커피앤드,디초콜릿커피앤드,(주)할리스에프앤비,17,5,4,0,0,0.29411764705882354,0.23529411764705882,183563,1.83563,1132.0
2018,디초콜릿커피앤드,디초콜릿커피앤드,(주)할리스에프앤비,20,7,4,0,0,0.35,0.2,175539,1.75539,623.6
2019,디초콜릿커피앤드,디초콜릿커피앤드,(주)할리스에프앤비,26,10,0,4,3,0.38461538461538464,0.15384615384615385,196626,1.96626,637.4
2020,디초콜릿커피앤드,디초콜릿커피앤드,(주)할리스에프앤비,23,3,6,0,0,0.13043478260869565,0.2608695652173913,229680,2.2968,218.4
2021,디초콜릿커피앤드,디초콜릿커피앤드,(주)케이지할리스에프앤비,11,0,10,2,1,0.0,1.0909090909090908,150814,1.50814,477.2
2022,디초콜릿커피앤드,디초콜릿커피앤드,(주)케이지할리스에프앤비,7,0,3,1,0,0.0,0.5714285714285714,128239,1.28239,384.0
2023,디커피,디커피,디커피:DCOFFEE,1,1,0,0,0,1.0,0.0,0,0.0,0.0
2024,디커피,디커피,디커피:DCOFFEE,2,1,0,0,0,0.5,0.0,203570,2.0357,415.4
2017,딜라잇식스,딜라잇식스(DELIGHT6),(주)딜라잇코리아,4,4,0,0,0,1.0,0.0,0,0.0,0.0
2018,딜라잇식스,딜라잇식스(DELIGHT6),(주)딜라잇코리아,4,1,1,0,0,0.25,0.25,0,0.0,0.0
2019,딜라잇식스,딜라잇식스(DELIGHT6),(주)딜라잇코리아,4,0,0,0,0,0.0,0.0,0,0.0,0.0
2023,딜리커피,딜리커피(DILI COFFEE),(주)위드비컴퍼니,6,6,0,0,0,1.0,0.0,224798,2.24798,977.3
2024,딜리커피,딜리커피(DILI COFFEE),(주)위드비컴퍼니,11,6,1,0,0,0.5454545454545454,0.09090909090909091,112585,1.12585,709.3
2023,땡큐베리머치,땡큐베리머치,디저트땡큐,1,1,0,0,0,1.0,0.0,0,0.0,0.0
2017,떼루와,떼루와,(주)떼루와,111,103,4,0,1,0.9279279279279279,0.036036036036036036,179162,1.79162,1894.6
2023,떼루와,떼루와,(주)떼루와,17,0,9,0,0,0.0,0.5294117647058824,86793,0.86793,871.0
2024,떼루와,떼루와,(주)떼루와,16,0,1,0,1,0.0,0.0625,83108,0.83108,835.8
2024,또리커피,또리커피,또리커피본점,10,10,0,0,0,1.0,0.0,483803,4.83803,3583.7
2022,또잇카페,또잇카페(TTOEATCAFE),또잇카페본점(TTOEATCAFE),1,1,0,0,0,1.0,0.0,0,0.0,0.0
2023,또잇카페,또잇카페(TTOEATCAFE),또잇카페본점(TTOEATCAFE),1,0,0,0,0,0.0,0.0,0,0.0,0.0
2019,뜰커피,뜰커피,카페앤테이크아웃,6,6,0,0,0,1.0,0.0,0,0.0,0.0
2020,뜰커피,뜰커피,뜰5커피,16,10,0,0,0,0.625,0.0,209653,2.09653,922.0
2021,뜰커피,뜰커피,뜰5커피,27,11,0,0,0,0.4074074074074074,0.0,155210,1.5521,679.3
2023,뜰커피,뜰커피,오드리인터내셔널,27,2,4,0,3,0.07407407407407407,0.14814814814814814,164616,1.64616,650.7
2017,띵크커피,띵크커피,(주)띵크커피코리아,5,0,1,1,0,0.0,0.4,209077,2.09077,469.7
2018,띵크커피,띵크커피,(주)띵크커피코리아,5,0,0,0,0,0.0,0.0,224947,2.24947,421.1
2019,띵크커피,띵크커피,(주)띵크커피코리아,4,0,1,0,1,0.0,0.25,0,0.0,0.0
2020,띵크커피,띵크커피,(주)띵크커피코리아,1,0,2,1,0,0.0,3.0,0,0.0,0.0
2021,띵크커피,띵크커피,(주)티씨케이컴퍼니,1,0,0,0,0,0.0,0.0,0,0.0,0.0
2022,띵크커피,띵크커피,(주)티씨케이컴퍼니,1,0,0,0,0,0.0,0.0,0,0.0,0.0
2023,띵크커피,띵크커피,(주)티씨케이컴퍼니,1,0,0,0,0,0.0,0.0,0,0.0,0.0
2024,띵크커피,띵크커피,(주)티씨케이컴퍼니,1,0,0,0,0,0.0,0.0,0,0.0,0.0
2024,띵크프룻,띵크프룻,(주)지구당,2,2,0,0,0,1.0,0.0,424866,4.24866,1371.6
2017,라드커피,라드커피(LAD COFFEE),라드커피,10,5,1,0,0,0.5,0.1,355691,3.55691,552.5
2018,라드커피,라드커피(LAD COFFEE),라드커피,11,4,1,2,0,0.36363636363636365,0.2727272727272727,234701,2.34701,706.9
2019,라드커피,라드커피(LAD COFFEE),라드커피,10,2,2,1,2,0.2,0.3,207200,2.072,632.4
2018,라떼떼,라떼떼,(주)엘에이치지,33,19,0,1,0,0.5757575757575758,0.030303030303030304,27315,0.27315,141.3
2019,라떼떼,라떼떼,(주)엘에이치지,37,15,0,11,0,0.40540540540540543,0.2972972972972973,49361,0.49361,379.0
2020,라떼떼,라떼떼,(주)엘에이치지,36,15,0,16,2,0.4166666666666667,0.4444444444444444,60949,0.60949,358.1
2021,라떼떼,라떼떼,(주)엘에이치지,36,14,0,14,2,0.3888888888888889,0.3888888888888889,44675,0.44675,224.0
2022,라떼떼,라떼떼,(주)엘에이치지,21,1,0,16,2,0.047619047619047616,0.7619047619047619,42596,0.42596,237.0
2023,라떼떼,라떼떼,(주)엘에이치지,12,2,0,11,1,0.16666666666666666,0.9166666666666666,106813,1.06813,528.0
2024,라떼떼,라떼떼,(주)엘에이치지,12,0,0,0,0,0.0,0.0,35795,0.35795,215.7
2017,라떼떼커피,라떼떼커피,(주)엘에이치지,15,8,0,1,0,0.5333333333333333,0.06666666666666667,0,0.0,0.0
2017,라떼킹,라떼킹(latteking),블루빈컴퍼니(주),30,3,3,0,2,0.1,0.1,126378,1.26378,791.4
2018,라떼킹,라떼킹(latteking),블루빈컴퍼니(주),24,0,7,0,1,0.0,0.2916666666666667,129802,1.29802,726.6
2019,라떼킹,라떼킹(latteking),블루빈컴퍼니(주),16,1,9,0,0,0.0625,0.5625,134119,1.34119,769.9
2020,라떼킹,라떼킹(latteking),블루빈컴퍼니(주),12,0,4,0,0,0.0,0.3333333333333333,118040,1.1804,674.7
2021,라떼킹,라떼킹(Latteking),블루빈컴퍼니(주),9,0,3,0,1,0.0,0.3333333333333333,94775,0.94775,512.7
2022,라떼킹,라떼킹(Latteking),블루빈컴퍼니(주),8,0,1,0,0,0.0,0.125,89658,0.89658,468.4
2023,라떼킹,라떼킹(Latteking),블루빈컴퍼니(주),9,2,1,0,0,0.2222222222222222,0.1111111111111111,89007,0.89007,608.3
2024,라떼킹,라떼킹(Latteking),블루빈컴퍼니(주),10,3,2,0,0,0.3,0.2,210456,2.10456,1225.7
2023,라바게트,라바게트,(주)라바게트,2,2,0,0,0,1.0,0.0,0,0.0,0.0
2024,라바게트,라바게트,(주)라바게트,9,7,0,0,2,0.7777777777777778,0.0,155794,1.55794,1048.6
2019,라벨스하이디,라벨스하이디,부산우유프랜차이즈사업부,9,9,0,0,0,1.0,0.0,154053,1.54053,451.2
2020,라벨스하이디,라벨스하이디,(주)라벨스하이디,9,0,0,0,3,0.0,0.0,144157,1.44157,317.7
2021,라벨스하이디,라벨스하이디,(주)라벨스하이디,8,1,1,1,0,0.125,0.25,130176,1.30176,243.1
2022,라벨스하이디,라벨스하이디,(주)라벨스하이디,4,0,4,0,0,0.0,1.0,0,0.0,0.0
2023,라벨스하이디,라벨스하이디,(주)라벨스하이디,4,0,0,0,0,0.0,0.0,0,0.0,0.0
2024,라벨스하이디,라벨스하이디,(주)라벨스하이디,3,0,1,0,0,0.0,0.3333333333333333,0,0.0,0.0
2017,라붐커피,라붐커피(LABOOM COFFEE),(주)라붐팩토리,1,0,0,0,0,0.0,0.0,0,0.0,0.0
2020,라붐커피,라붐커피(LABOOM COFFEE),(주)라붐팩토리,3,0,0,0,0,0.0,0.0,0,0.0,0.0
2021,라붐커피,라붐커피(LABOOM COFFEE),(주)라붐팩토리,4,2,1,0,0,0.5,0.25,0,0.0,0.0
2022,라붐커피,라붐커피(LABOOM COFFEE),(주)라붐팩토리,4,0,0,0,0,0.0,0.0,0,0.0,0.0
2024,라붐커피,라붐커피 (LABOOM COFFEE),(주)라붐팩토리,1,0,2,0,0,0.0,2.0,1670000,16.7,1837.0
2019,라센다 커피,라센다 커피,(유)다빈,1,1,0,0,0,1.0,0.0,0,0.0,0.0
2020,라센다 커피,라센다 커피,(유)다빈,5,4,0,0,0,0.8,0.0,0,0.0,0.0
2021,라센다 커피,라센다 커피,(유)다빈,4,0,1,0,0,0.0,0.25,0,0.0,0.0
2022,라센다 커피,라센다 커피,(유)다빈,4,1,1,0,0,0.25,0.25,0,0.0,0.0
2023,라센다 커피,라센다 커피,(유)다빈,3,0,1,0,0,0.0,0.3333333333333333,0,0.0,0.0
2017,라스베이글,라스베이글,(주)에쓰앤씨,4,3,0,0,1,0.75,0.0,0,0.0,0.0
2018,라스베이글,라스베이글,(주)애채,4,2,2,0,2,0.5,0.5,0,0.0,0.0
2019,라스베이글,라스베이글,(주)애채,6,3,1,0,2,0.5,0.16666666666666666,178370,1.7837,1312.7
2020,라스베이글,라스베이글,(주)애채,8,2,0,0,0,0.25,0.0,183439,1.83439,693.0
2021,라스베이글,라스베이글,(주)애채,8,2,2,0,0,0.25,0.25,126846,1.26846,443.7
2022,라스베이글,라스베이글,(주)애채,7,2,2,1,1,0.2857142857142857,0.42857142857142855,130463,1.30463,399.7
2023,라스베이글,라스베이글,(주)애채,9,5,3,0,0,0.5555555555555556,0.3333333333333333,131368,1.31368,632.4
2024,라스베이글,라스베이글,(주)애채,7,1,2,1,1,0.14285714285714285,0.42857142857142855,132420,1.3242,1066.4
2022,라오나카페,라오나카페,라오나컴퍼니(주),2,3,1,0,0,1.5,0.5,242078,2.42078,1011.1
2020,라크리마커피,라크리마커피,(주)정명에프앤비,9,9,0,0,0,1.0,0.0,67115,0.67115,264.9
2021,라크리마커피,라크리마커피,(주)정명에프앤비,7,1,3,0,0,0.14285714285714285,0.42857142857142855,98738,0.98738,371.6
2022,라크리마커피,라크리마커피,(주)정명에프앤비,5,2,4,0,0,0.4,0.8,77444,0.77444,268.9
2023,라크리마커피,라크리마커피,(주)정명에프앤비,2,0,3,0,0,0.0,1.5,132181,1.32181,1321.8
2023,라포미,라포미(LAFORME),라포미,1,1,0,0,0,1.0,0.0,0,0.0,0.0
2020,라헬의부엌,라헬의부엌,(주)제이이아이컴퍼니,9,9,0,0,0,1.0,0.0,0,0.0,0.0
2020,락립배,락립배,락립배코리아(주),4,4,0,0,0,1.0,0.0,0,0.0,0.0
2021,락립배,락립배,락립배코리아(주),4,0,0,0,0,0.0,0.0,0,0.0,0.0
2022,락립배,락립배,락립배코리아(주),1,0,0,4,0,0.0,4.0,0,0.0,0.0
2023,락립배,락립배,락립배코리아(주),1,0,0,0,0,0.0,0.0,0,0.0,0.0
2021,랑데자뷰,랑데자뷰(RENDEJAVOUS),(주)랑데자뷰,26,22,0,0,0,0.8461538461538461,0.0,0,0.0,0.0
2022,랑데자뷰,랑데자뷰(RENDEJAVOUS),(주)랑데자뷰,40,16,0,2,0,0.4,0.05,360616,3.60616,369.2
2023,랑데자뷰,랑데자뷰(RENDEJAVOUS),(주)랑데자뷰,37,5,6,2,3,0.13513513513513514,0.21621621621621623,296803,2.96803,314.9
2024,랑데자뷰,랑데자뷰(RENDEJAVOUS),(주)랑데자뷰,29,0,6,2,1,0.0,0.27586206896551724,269891,2.69891,314.0
2020,랭스터디카페,랭스터디카페(LANG STUDY CAFE),(주)더뉴웨이스,13,6,0,1,1,0.46153846153846156,0.07692307692307693,236417,2.36417,370.8
2021,랭스터디카페,랭스터디카페(LANG STUDY CAFE),(주)더뉴웨이스,34,21,0,0,0,0.6176470588235294,0.0,185213,1.85213,263.3
2022,랭스터디카페,랭스터디카페(LANG STUDY CAFE),(주)더뉴웨이스,45,17,6,0,0,0.37777777777777777,0.13333333333333333,132552,1.32552,174.9
2024,랭스터디카페,랭스터디카페,(주)케이에프오에스(KFOS),1,1,0,0,0,1.0,0.0,0,0.0,0.0
2022,레드라인홀덤펍,레드라인홀덤펍,(주)예스프랜차이즈,1,1,0,0,0,1.0,0.0,0,0.0,0.0
2017,레드망고,레드망고,릴레이인터내셔널(주),4,0,0,0,1,0.0,0.0,0,0.0,0.0
2018,레드망고,레드망고,릴레이인터내셔널(주),3,0,0,1,1,0.0,0.3333333333333333,198988,1.98988,1270.1
2017,레드머그커피,레드머그커피,(주)놀부,12,10,0,0,1,0.8333333333333334,0.0,0,0.0,0.0
2018,레드머그커피,레드머그커피,(주)놀부,4,1,0,9,0,0.25,2.25,0,0.0,0.0
2019,레드머그커피,레드머그커피,(주)놀부,1,0,0,4,0,0.0,4.0,0,0.0,0.0
2020,레드머그커피,레드머그커피,(주)놀부,1,0,0,0,0,0.0,0.0,0,0.0,0.0
2023,레드애플,레드애플,(주)와이티아이컴퍼니,7,6,3,0,2,0.8571428571428571,0.42857142857142855,154787,1.54787,817.3
2024,레드애플,레드애플,(주)와이티아이컴퍼니,9,6,0,4,0,0.6666666666666666,0.4444444444444444,157910,1.5791,862.3
2018,레이지모닝,레이지모닝,레이지모닝,1,1,0,0,0,1.0,0.0,0,0.0,0.0
2019,레이지모닝,레이지모닝,레이지모닝,5,4,0,0,0,0.8,0.0,0,0.0,0.0
2020,레이지모닝,레이지모닝,레이지모닝,5,0,0,0,1,0.0,0.0,418408,4.18408,523.0
2022,레이지앤코,레이지앤코(LAZY & CO),(주)케이디앤아이,2,2,0,0,0,1.0,0.0,0,0.0,0.0
2023,레이지앤코,레이지앤코(LAZY & CO),(주)케이디앤아이,2,0,0,0,0,0.0,0.0,268993,2.68993,1415.8
2024,레이지앤코,레이지앤코(LAZY & CO),(주)케이디앤아이,3,1,0,0,0,0.3333333333333333,0.0,200951,2.00951,1172.7
2023,레인드랍커피,레인드랍커피,(주)레인드랍커피,2,1,0,0,0,0.5,0.0,0,0.0,0.0
2024,레인드랍커피,레인드랍커피,(주)레인드랍커피,1,0,1,0,0,0.0,1.0,58178,0.58178,1066.6
2021,레프트뱅크,레프트뱅크,(주)레프트뱅크,2,0,0,0,0,0.0,0.0,0,0.0,0.0
2022,레프트뱅크,레프트뱅크,(주)레프트뱅크,9,7,0,0,0,0.7777777777777778,0.0,195594,1.95594,1955.9
2023,레프트뱅크,레프트뱅크,(주)레프트뱅크,11,2,0,0,0,0.18181818181818182,0.0,264398,2.64398,2644.0
2024,레프트뱅크,레프트뱅크,(주)레프트뱅크,21,11,0,1,0,0.5238095238095238,0.047619047619047616,202057,2.02057,2020.6
2022,로건커피,로건커피,(주)디저트팩토리,1,1,0,0,0,1.0,0.0,0,0.0,0.0
2019,로반스윗,로반스윗,(주)로반스윗,9,7,0,0,0,0.7777777777777778,0.0,68203,0.68203,803.8
2020,로반스윗,로반스윗,(주)로반스윗,10,3,2,0,0,0.3,0.2,84300,0.843,818.2
2021,로반스윗,로반스윗,(주)로반스윗,7,0,3,0,0,0.0,0.42857142857142855,61176,0.61176,535.3
2022,로반스윗,로반스윗,(주)로반스윗,7,1,1,0,0,0.14285714285714285,0.14285714285714285,68571,0.68571,685.4
2023,로반스윗,로반스윗,(주)로반스윗,6,2,3,0,0,0.3333333333333333,0.5,122000,1.22,1161.6
2024,로반스윗,로반스윗,(주)로반스윗,6,0,0,0,0,0.0,0.0,120333,1.20333,1145.8
2024,로우라이즈,로우라이즈,유어타입,1,1,0,0,0,1.0,0.0,0,0.0,0.0
2020,록시드갸토,록시드갸토(LOXID GATEAU),(주)지제이케이홀딩스,13,11,0,0,0,0.8461538461538461,0.0,141829,1.41829,460.5
2021,록시드갸토,록시드갸토(LOXID GATEAU),(주)지제이케이홀딩스,15,6,4,0,1,0.4,0.26666666666666666,91457,0.91457,292.4
2022,록시드갸토,록시드갸토(LOXID GATEAU),(주)지제이케이홀딩스,10,1,6,0,0,0.1,0.6,83470,0.8347,289.4
2022,롤스커피,롤스커피,(주)엘에이치지,2,2,0,0,0,1.0,0.0,0,0.0,0.0
2023,롤스커피,롤스커피,(주)엘에이치지,4,3,0,1,0,0.75,0.25,124206,1.24206,861.3
2024,롤스커피,롤스커피,(주)엘에이치지,6,3,0,1,1,0.5,0.16666666666666666,78160,0.7816,486.3
2017,루고,루고,(주)이랜드파크,3,1,0,0,0,0.3333333333333333,0.0,260028,2.60028,464.3
2018,루고,루고,(주)이랜드파크,4,2,0,1,0,0.5,0.25,199345,1.99345,362.8
2019,루고,루고,(주)이랜드이츠,6,2,0,0,0,0.3333333333333333,0.0,195197,1.95197,596.0
2020,루고,루고,(주)이랜드이츠,8,2,0,0,0,0.25,0.0,197649,1.97649,711.0
2021,루고,루고,(주)이랜드이츠,11,3,0,0,0,0.2727272727272727,0.0,105607,1.05607,119.5
2022,루고,루고,(주)이랜드이츠,10,0,0,1,0,0.0,0.1,87658,0.87658,514.2
2023,루고,루고,(주)이랜드이츠,10,0,0,0,1,0.0,0.0,105509,1.05509,490.1
2024,루고,루고,(주)이랜드이츠,9,0,1,0,0,0.0,0.1111111111111111,120099,1.20099,511.6
2017,루머팡,루머팡,(주)루머팡,25,0,0,11,0,0.0,0.44,0,0.0,0.0
2018,루머팡,루머팡,(주)루머팡,23,3,0,5,0,0.13043478260869565,0.21739130434782608,0,0.0,0.0
2019,루머팡,루머팡,(주)루머팡,17,0,0,6,0,0.0,0.35294117647058826,0,0.0,0.0
2020,루머팡,루머팡,(주)루머팡,16,0,0,1,0,0.0,0.0625,0,0.0,0.0
2021,루머팡,루머팡,(주)루머팡,7,0,0,9,0,0.0,1.2857142857142858,0,0.0,0.0
2022,루머팡,루머팡,(주)루머팡,7,0,0,0,0,0.0,0.0,27596,0.27596,250.9
2023,루머팡,루머팡,(주)루머팡,7,0,0,0,0,0.0,0.0,22972,0.22972,208.8
2024,루머팡,루머팡,(주)루머팡,7,0,0,0,0,0.0,0.0,19186,0.19186,174.4
2023,루메,루메(LUME),루메,1,1,0,0,0,1.0,0.0,0,0.0,0.0
2024,루메,루메(LUME),루메,1,0,0,0,0,0.0,0.0,0,0.0,0.0
2022,루아 푸푸 커피,루아 푸푸 커피,(주)루아,13,13,0,0,0,1.0,0.0,215897,2.15897,1809.7
2023,루아 푸푸 커피,루아 푸푸 커피,(주)교동에프씨,16,3,0,0,0,0.1875,0.0,146232,1.46232,762.3
2021,루즈폴,루즈폴,루즈폴(LUZPOL),2,2,0,0,0,1.0,0.0,0,0.0,0.0
2020,루프트커피,루프트커피(LUFT COFFEE),(주)루프트,2,2,0,0,0,1.0,0.0,0,0.0,0.0
2024,룩앳더 바리스타,룩앳더 바리스타,(주)성공시대,2,2,0,0,0,1.0,0.0,0,0.0,0.0
2017,르돌치1946,르돌치1946(Le Dolci 1946),르돌치일구사육(주),2,2,0,0,1,1.0,0.0,0,0.0,0.0
2024,르몬,르몬(Le Mohn),까사델커피,1,1,0,0,0,1.0,0.0,0,0.0,0.0
2017,리치망고,리치망고,(주)리치망고,18,8,0,1,2,0.4444444444444444,0.05555555555555555,236087,2.36087,1166.1
2018,리치망고,리치망고,(주)리치망고,13,0,3,0,2,0.0,0.23076923076923078,179423,1.79423,842.4
2019,리치망고,리치망고,(주)리치망고,12,0,0,1,1,0.0,0.08333333333333333,144183,1.44183,623.3
2018,리트웨이,리트웨이(LITWAY),리트웨이,2,2,0,0,0,1.0,0.0,0,0.0,0.0
2018,리프패럿,리프패럿(LIP Parrot),L.I.PParrotCompany,4,4,0,0,0,1.0,0.0,0,0.0,0.0
2019,리프패럿,리프패럿(LIP Parrot),L.I.PParrotCompany,16,13,1,0,0,0.8125,0.0625,108573,1.08573,264.8
2020,리프패럿,리프패럿(LIP Parrot),(주)리프래럿,24,10,2,0,0,0.4166666666666667,0.08333333333333333,102665,1.02665,274.1
2017,마고스,마고스,(주)마고스,16,0,1,0,0,0.0,0.0625,113503,1.13503,1420.4
2017,마노핀,마노핀,(주)엠피그룹,15,7,1,0,0,0.4666666666666667,0.06666666666666667,218188,2.18188,2364.8
2018,마노핀,마노핀,(주)엠피그룹,14,0,0,1,2,0.0,0.07142857142857142,221729,2.21729,2481.4
2019,마노핀,마노핀,(주)엠피그룹,12,0,2,0,1,0.0,0.16666666666666666,179620,1.7962,1900.7
2020,마노핀,마노핀,(주)엠피그룹,11,0,0,1,0,0.0,0.09090909090909091,180301,1.80301,2993.6
2021,마노핀,마노핀,(주)엠피대산,9,0,2,0,0,0.0,0.2222222222222222,63846,0.63846,997.4
2022,마노핀,마노핀,(주)엠피대산,2,0,0,7,0,0.0,3.5,41699,0.41699,252.7
2023,마노핀,마노핀,(주)디에스이엔,2,0,0,0,0,0.0,0.0,41366,0.41366,153.2
2019,마린커피,마린커피,마린커피로스터스,5,4,0,0,1,0.8,0.0,120707,1.20707,1195.1
2020,마린커피,마린커피,마린커피로스터스,7,2,0,0,2,0.2857142857142857,0.0,135152,1.35152,1537.9
2021,마린커피,마린커피,마린커피로스터스,8,3,2,0,0,0.375,0.25,151244,1.51244,1525.6
2022,마린커피,마린커피,마린커피로스터스,11,3,0,0,1,0.2727272727272727,0.0,152515,1.52515,1376.8
2023,마린커피,마린커피,마린커피로스터스,14,4,1,0,0,0.2857142857142857,0.07142857142857142,146308,1.46308,1393.9
2024,마린커피,마린커피,(주)마린컴퍼니,12,1,3,0,0,0.08333333333333333,0.25,144971,1.44971,1351.4
2021,마망카페,마망카페,마망카페,1,1,0,0,0,1.0,0.0,0,0.0,0.0
2018,마시그래이,마시그래이,(주)에스이엠,77,14,4,0,13,0.18181818181818182,0.05194805194805195,131950,1.3195,1000.3
2019,마시그래이,마시그래이,(주)에스이엠,79,8,6,0,13,0.10126582278481013,0.0759493670886076,140454,1.40454,1066.2
2020,마시그래이,마시그래이,(주)에스이엠,75,11,15,0,7,0.14666666666666667,0.2,132610,1.3261,1053.3
2021,마시그래이,마시그래이,(주)에스이엠,76,10,9,0,4,0.13157894736842105,0.11842105263157894,116520,1.1652,942.9
2022,마시그래이,마시그래이,(주)에스이엠,77,6,5,0,7,0.07792207792207792,0.06493506493506493,115511,1.15511,946.7
2023,마시그래이,마시그래이,(주)에스이엠,73,6,10,0,7,0.0821917808219178,0.136986301369863,110110,1.1011,916.1
2024,마시그래이,마시그래이,(주)에스이엠,61,4,16,0,4,0.06557377049180328,0.26229508196721313,107937,1.07937,904.7
2021,마실커피,마실커피,(주)이노컴프,1,0,0,0,0,0.0,0.0,0,0.0,0.0
2022,마실커피,마실커피,(주)이노컴프,13,12,0,0,0,0.9230769230769231,0.0,320232,3.20232,1365.9
2023,마실커피,마실커피,(주)마실에프앤비,24,11,0,0,5,0.4583333333333333,0.0,272248,2.72248,1764.9
2024,마실커피,마실커피,(주)마실에프앤비,37,13,0,0,4,0.35135135135135137,0.0,211640,2.1164,1439.8
2019,마이쥬스,마이쥬스,(주)마이에프앤비,6,2,2,0,0,0.3333333333333333,0.3333333333333333,118740,1.1874,508.7
2020,마이쥬스,마이쥬스,(주)마이에프앤비,8,4,2,0,0,0.5,0.25,193882,1.93882,952.8
2021,마이쥬스,마이쥬스,(주)마이에프앤비,10,2,0,0,0,0.2,0.0,205019,2.05019,1007.5
2022,마이쥬스,마이쥬스,(주)마이에프앤비,7,2,5,0,2,0.2857142857142857,0.7142857142857143,236732,2.36732,1040.8
2023,마이쥬스,마이쥬스,(주)마이에프앤비,7,0,1,0,0,0.0,0.14285714285714285,226381,2.26381,1045.1
2024,마이쥬스,마이쥬스,(주)마이에프앤비,6,0,1,0,0,0.0,0.16666666666666666,178096,1.78096,957.2
2021,마이크로 로스터즈,마이크로 로스터즈,(주)채움에프앤비,1,1,0,0,0,1.0,0.0,0,0.0,0.0
2022,마이크로로스터즈,마이크로로스터즈,(주)채움에프앤비,1,0,0,0,0,0.0,0.0,0,0.0,0.0
2022,마일로,마일로(MILO),(주)마일로,9,9,0,0,0,1.0,0.0,251000,2.51,2642.1
2023,마일로,마일로(MILO),(주)마일로,17,8,0,0,0,0.47058823529411764,0.0,191766,1.91766,1556.3
2024,마일로,마일로(MILO),(주)마일로,26,12,0,3,2,0.46153846153846156,0.11538461538461539,267356,2.67356,1552.0
2020,마치마치,마치마치,(주)마치마치코리아,2,2,0,0,0,1.0,0.0,0,0.0,0.0
2021,마치마치,마치마치,(주)마치마치코리아,3,2,1,0,0,0.6666666666666666,0.3333333333333333,0,0.0,0.0
2017,마피아커피,마피아커피(MAFIA COFFEE),(주)이든에프앤비,12,12,2,0,0,1.0,0.16666666666666666,88660,0.8866,1434.4
2018,마피아커피,마피아커피(MAFIA COFFEE),(주)이든에프앤비,16,9,5,0,2,0.5625,0.3125,81102,0.81102,656.9
2017,만랩커피,만랩커피,(주)만랩,10,10,0,0,0,1.0,0.0,152359,1.52359,1328.1
2018,만랩커피,만랩커피,(주)만랩,28,18,0,0,2,0.6428571428571429,0.0,129755,1.29755,286.7
2019,만랩커피,만랩커피,(주)만랩,64,37,0,1,0,0.578125,0.015625,135946,1.35946,87.1
2020,만랩커피,만랩커피,(주)만랩,105,43,0,2,4,0.4095238095238095,0.01904761904761905,159063,1.59063,827.5
2021,만랩커피,만랩커피,(주)만랩,129,35,0,11,6,0.2713178294573643,0.08527131782945736,153924,1.53924,824.3
2022,만랩커피,만랩커피,(주)만랩,143,26,14,0,4,0.18181818181818182,0.0979020979020979,126914,1.26914,1734.0
2023,만랩커피,만랩커피,(주)만랩,125,12,26,0,10,0.096,0.208,132504,1.32504,1537.3
2024,만랩커피,만랩커피,(주)만랩,107,11,29,0,5,0.102803738317757,0.27102803738317754,137937,1.37937,714.5
2024,만족커피,만족커피,(주)대만족,2,2,0,0,0,1.0,0.0,0,0.0,0.0
2020,말리따,말리따(MALITTA),(주)피쉐프코리아,1,1,0,0,0,1.0,0.0,0,0.0,0.0
2021,말리따,말리따(MALITTA),(주)피쉐프코리아,9,9,1,0,1,1.0,0.1111111111111111,0,0.0,0.0
2022,말리따,말리따(MALITTA),(주)피쉐프코리아,8,0,1,0,1,0.0,0.125,0,0.0,0.0
2023,말리따,말리따(MALITTA),(주)피쉐프코리아,7,0,0,1,0,0.0,0.14285714285714285,0,0.0,0.0
2017,말리커피,말리커피,(주)씨앤브이인터내셔널,4,1,3,0,1,0.25,0.75,23856,0.23856,59.7
2017,말자네약속다방,말자네약속다방,(주)금탑에프앤비,3,3,0,0,0,1.0,0.0,0,0.0,0.0
2018,말자네약속다방,말자네약속다방,(주)금탑에프앤비,4,1,0,0,0,0.25,0.0,0,0.0,0.0
2023,맘스츄러스,맘스츄러스,맘스츄,1,1,0,0,0,1.0,0.0,95251,0.95251,1065.6
2024,맘스츄러스,맘스츄러스,맘스츄,2,2,1,0,0,1.0,0.5,35578,0.35578,151.4
2017,망고레이,망고레이,(주)망고레이,10,4,0,0,0,0.4,0.0,254904,2.54904,896.2
2017,매드포커피,매드포커피(MAD 4 COFFEE),(주)커피식구인터내셔널,4,4,0,0,0,1.0,0.0,0,0.0,0.0
2017,매머드익스프레스,매머드익스프레스(Mammoth Express),(주)매머드커피랩,1,1,0,0,0,1.0,0.0,0,0.0,0.0
2018,매머드익스프레스,매머드익스프레스(Mammoth Express),(주)매머드커피랩,18,17,0,0,0,0.9444444444444444,0.0,212680,2.1268,3655.4
2019,매머드익스프레스,매머드익스프레스(Mammoth Express),(주)매머드커피랩,43,25,0,0,2,0.5813953488372093,0.0,188792,1.88792,2709.5
2020,매머드익스프레스,매머드익스프레스(Mammoth Express),(주)매머드커피랩,83,47,7,0,5,0.5662650602409639,0.08433734939759036,252464,2.52464,2548.1
2021,매머드익스프레스,매머드익스프레스(Mammoth Express),(주)매머드커피랩,150,68,1,0,5,0.4533333333333333,0.006666666666666667,210406,2.10406,1867.8
2022,매머드익스프레스,매머드익스프레스(Mammoth Express),(주)매머드커피랩,295,139,6,0,18,0.4711864406779661,0.020338983050847456,192732,1.92732,1643.5
2023,매머드익스프레스,매머드익스프레스(Mammoth Express),(주)매머드커피랩,454,165,6,0,40,0.3634361233480176,0.013215859030837005,221449,2.21449,1827.5
2024,매머드익스프레스,매머드익스프레스(Mammoth Express),(주)매머드커피랩,630,201,25,0,51,0.319047619047619,0.03968253968253968,230780,2.3078,1869.7
2017,매머드커피,매머드커피(Mammoth coffee),(주)매머드커피랩,101,26,8,0,1,0.25742574257425743,0.07920792079207921,0,0.0,0.0
2018,매머드커피,매머드커피(Mammoth coffee),(주)매머드커피랩,97,17,21,0,8,0.17525773195876287,0.21649484536082475,220756,2.20756,1952.2
2019,매머드커피,매머드커피(Mammoth coffee),(주)매머드커피랩,91,11,17,0,12,0.12087912087912088,0.18681318681318682,214974,2.14974,1551.5
2020,매머드커피,매머드커피(Mammoth coffee),(주)매머드커피랩,70,3,24,0,10,0.04285714285714286,0.34285714285714286,259676,2.59676,1817.7
2021,매머드커피,매머드커피(Mammoth coffee),(주)매머드커피랩,58,0,12,0,6,0.0,0.20689655172413793,213600,2.136,1431.5
2022,매머드커피,매머드커피(Mammoth coffee),(주)매머드커피랩,45,1,14,0,3,0.022222222222222223,0.3111111111111111,202423,2.02423,1481.5
2023,매머드커피,매머드커피(Mammoth coffee),(주)매머드커피랩,40,0,2,0,0,0.0,0.05,208155,2.08155,1526.0
2024,매머드커피,매머드커피(Mammoth coffee),(주)매머드커피랩,30,0,9,0,7,0.0,0.3,304074,3.04074,2248.2
2017,매스커피,매스커피,매스컴퍼니(주),23,3,1,0,0,0.13043478260869565,0.043478260869565216,254201,2.54201,1434.4
2018,매스커피,매스커피,매스컴퍼니(주),22,0,1,0,3,0.0,0.045454545454545456,227162,2.27162,1362.5
2019,매스커피,매스커피,(주)매스컴퍼니,24,2,0,0,3,0.08333333333333333,0.0,212560,2.1256,1223.4
2020,매스커피,매스커피,매스컴퍼니(주),26,2,0,0,1,0.07692307692307693,0.0,208345,2.08345,1198.5
2021,매스커피,매스커피,(주)매스컴퍼니,28,2,0,0,3,0.07142857142857142,0.0,168736,1.68736,947.6
2022,매스커피,매스커피,(주)매스컴퍼니,32,4,1,0,2,0.125,0.03125,176152,1.76152,370.5
2023,매스커피,매스커피,(주)매스컴퍼니,30,2,4,0,0,0.06666666666666667,0.13333333333333333,170650,1.7065,357.0
2024,매스커피,매스커피,(주)매스컴퍼니,37,9,1,1,0,0.24324324324324326,0.05405405405405406,146303,1.46303,901.1
2022,맥시멈커피,맥시멈커피,(주)서정코퍼레이션,2,2,0,0,0,1.0,0.0,0,0.0,0.0
2023,맥시멈커피,맥시멈커피,(주)서정코퍼레이션,2,0,0,0,0,0.0,0.0,83044,0.83044,884.8
2021,맥켄지커피,맥켄지커피,맥켄지,4,0,2,0,0,0.0,0.5,0,0.0,0.0
2024,맨리스커세권,맨리스커세권,맨리스커세권,1,1,0,0,0,1.0,0.0,0,0.0,0.0
2024,맨션5,맨션5(MANSION5),맨션5수성,1,0,0,0,0,0.0,0.0,0,0.0,0.0
2017,메가MGC커피,메가엠지씨커피(MEGA MGC COFFEE),(주)앤하우스,40,40,0,0,0,1.0,0.0,253953,2.53953,1603.0
2018,메가MGC커피,메가엠지씨커피(MEGA MGC COFFEE),(주)앤하우스,186,146,0,0,1,0.7849462365591398,0.0,243146,2.43146,1855.5
2019,메가MGC커피,메가엠지씨커피(MEGA MGC COFFEE),(주)앤하우스,403,218,1,0,16,0.5409429280397022,0.0024813895781637717,249449,2.49449,1897.2
2020,메가MGC커피,메가엠지씨커피(MEGA MGC COFFEE),(주)앤하우스,798,398,3,0,55,0.49874686716791977,0.0037593984962406013,275854,2.75854,2027.0
2021,메가MGC커피,메가엠지씨커피(MEGA MGC COFFEE),(주)앤하우스,1184,397,11,0,101,0.33530405405405406,0.009290540540540541,286025,2.86025,1894.9
2022,메가MGC커피,메가엠지씨커피(MEGA MGC COFFEE),(주)앤하우스,1593,417,8,0,115,0.2617702448210923,0.005021971123666039,328912,3.28912,2025.0
2024,메가MGC커피,메가엠지씨커피(MEGA MGC COFFEE),(주)앤하우스,2681,539,14,0,333,0.2010443864229765,0.005221932114882507,362621,3.62621,2090.8
2022,메가보틀,메가보틀,메가보틀,6,6,0,0,0,1.0,0.0,0,0.0,0.0
2023,메가보틀,메가보틀,카페일리터,3,0,3,0,0,0.0,1.0,59537,0.59537,337.0
2023,메이커커피,메이커커피(MAKER COFFEE),더라스트컴퍼니(주),1,1,0,0,0,1.0,0.0,0,0.0,0.0
2024,메이커커피,메이커커피(MAKER COFFEE),더라스트컴퍼니(주),5,4,0,0,0,0.8,0.0,108866,1.08866,967.0
2021,메일빈24,메일빈24,(주)휴니크,1,1,0,0,0,1.0,0.0,0,0.0,0.0
2024,메타킹 커피,메타킹 커피(METAKING COFFEE),(주)탐앤탐스,6,6,0,0,1,1.0,0.0,0,0.0,0.0
2024,모든 코피,모든 코피,모든(MODEN),1,1,0,0,0,1.0,0.0,144000,1.44,960.0
2020,모리셔스브라운,모리셔스브라운(Mauritius Brown),(주)씨앤딜,8,9,1,0,0,1.125,0.125,180455,1.80455,2849.3
2021,모리셔스브라운,모리셔스브라운(Mauritius Brown),(주)서진,13,8,4,0,0,0.6153846153846154,0.3076923076923077,89586,0.89586,609.3
2022,모리셔스브라운,모리셔스브라운(Mauritius Brown),(주)서진,17,8,0,4,0,0.47058823529411764,0.23529411764705882,102220,1.0222,567.1
2023,모리셔스브라운,모리셔스브라운(Mauritius Brown),(주)서진에프앤비,13,5,0,9,0,0.38461538461538464,0.6923076923076923,85947,0.85947,383.8
2024,모리셔스브라운,모리셔스브라운(Mauritius Brown),(주)서진에프앤비,15,6,0,4,0,0.4,0.26666666666666666,85525,0.85525,415.4
2021,모리커피,모리커피,모리C&B,1,1,0,0,0,1.0,0.0,0,0.0,0.0
2022,모리커피,모리커피,모리C&B,25,24,0,0,2,0.96,0.0,245394,2.45394,1194.3
2023,모리커피,모리커피,모리C&B,48,23,0,0,5,0.4791666666666667,0.0,168305,1.68305,1036.6
2024,모리커피,모리커피,㈜모리씨앤비,64,16,0,0,9,0.25,0.0,168958,1.68958,914.2
2017,모캄보,모캄보,(주)마스터코리아,25,2,1,0,1,0.08,0.04,195656,1.95656,354.5
2018,모캄보,모캄보,(주)마스터코리아,27,2,0,0,2,0.07407407407407407,0.0,161577,1.61577,310.0
2019,모캄보,모캄보,(주)마스터코리아,27,2,1,1,2,0.07407407407407407,0.07407407407407407,162029,1.62029,313.0
2020,모캄보,모캄보,(주)마스터코리아,25,3,5,0,0,0.12,0.2,149665,1.49665,291.6
2021,모캄보,모캄보,(주)마스터코리아,21,1,3,0,0,0.047619047619047616,0.14285714285714285,127526,1.27526,234.1
2022,모캄보,모캄보,(주)마스터코리아,17,2,6,0,0,0.11764705882352941,0.35294117647058826,119176,1.19176,232.6
2023,모캄보,모캄보,(주)마스터코리아,18,2,2,0,0,0.1111111111111111,0.1111111111111111,131127,1.31127,259.8
2024,모캄보,모캄보,(주)마스터코리아,16,0,0,1,0,0.0,0.0625,139688,1.39688,271.6
2021,모쿠816,모쿠816(Moku816),(주)사실주의컴퍼니,2,2,0,0,0,1.0,0.0,0,0.0,0.0
2023,모쿠816,모쿠816(Moku816),(주)사실주의컴퍼니,8,5,0,0,0,0.625,0.0,594295,5.94295,3700.3
2024,모쿠816,모쿠816(Moku816),(주)모쿠816컴퍼니,17,10,1,0,3,0.5882352941176471,0.058823529411764705,227645,2.27645,1341.4
2020,몬스터커피,몬스터커피,㈜몬스터,22,22,0,0,0,1.0,0.0,212918,2.12918,1892.6
2021,몬스터커피,몬스터커피,㈜몬스터,30,9,1,0,0,0.3,0.03333333333333333,190466,1.90466,1676.6
2022,몬스터커피,몬스터커피,㈜몬스터,53,23,0,0,4,0.4339622641509434,0.0,183510,1.8351,1473.6
2023,몬스터커피,몬스터커피,㈜몬스터,66,14,0,1,8,0.21212121212121213,0.015151515151515152,197833,1.97833,1444.0
2024,몬스터커피,몬스터커피,㈜몬스터,80,17,1,2,9,0.2125,0.0375,214284,2.14284,1560.7
2023,몬트커피,몬트커피(Mond coffee),(주)앵커트리,2,2,0,0,0,1.0,0.0,0,0.0,0.0
2021,몰타,몰타,에스티컴퍼니(ST.company),10,10,0,0,0,1.0,0.0,221624,2.21624,2216.2
2022,몰타,몰타,에스티컴퍼니(ST.company),15,5,0,0,2,0.3333333333333333,0.0,181097,1.81097,1187.5
2023,몰타,몰타,에스티컴퍼니(ST.company),15,1,1,0,2,0.06666666666666667,0.06666666666666667,190297,1.90297,1227.7
2024,몰타,몰타,에스티컴퍼니(ST.company),10,0,5,0,1,0.0,0.5,129980,1.2998,962.8
2023,몽플,몽플,몽플,32,1,8,0,2,0.03125,0.25,57303,0.57303,180.1
2024,몽플,몽플,몽플본점,1,1,32,0,0,1.0,32.0,0,0.0,0.0
2022,무인다방,무인다방,㈜엠디엑스,10,10,0,0,0,1.0,0.0,39445,0.39445,325.4
2023,무인다방,무인다방,㈜엠디엑스,17,7,0,0,0,0.4117647058823529,0.0,36409,0.36409,310.4
2024,무인다방,무인다방,㈜엠디엑스,19,4,0,2,2,0.21052631578947367,0.10526315789473684,38562,0.38562,240.5
2024,묵리459,묵리459,묵리459,1,1,0,0,0,1.0,0.0,669541,6.69541,6695.4
2021,물레,물레(MULLE),물레(MULLE),1,1,0,0,0,1.0,0.0,0,0.0,0.0
2022,물레,물레(MULLE),물레(MULLE),2,1,0,0,0,0.5,0.0,0,0.0,0.0
2023,물레,물레(MULLE),물레(MULLE),2,0,0,0,0,0.0,0.0,0,0.0,0.0
2020,미남커피,미남커피(MINAM COFFEE),미남커피로데오점,3,3,0,0,0,1.0,0.0,0,0.0,0.0
2021,미남커피,미남커피(MINAM COFFEE),(주)더미남,13,10,0,0,0,0.7692307692307693,0.0,0,0.0,0.0
2022,미남커피,미남커피(MINAM COFFEE),(주)더미남,19,8,2,0,3,0.42105263157894735,0.10526315789473684,0,0.0,0.0
2023,미남커피,미남커피(MINAM COFFEE),(주)더미남,23,6,1,1,3,0.2608695652173913,0.08695652173913043,203208,2.03208,1197.0
2024,미남커피,미남커피(MINAM COFFEE),(주)더미남,25,3,0,1,3,0.12,0.04,0,0.0,0.0
2022,미드테이블커피,미드테이블커피 (MIDT COFFEE),미드테이블,4,4,0,0,0,1.0,0.0,0,0.0,0.0
2024,미루꾸커피,미루꾸커피,(주)와이엔비컴퍼니,2,2,0,0,0,1.0,0.0,344437,3.44437,2026.1
2021,미콩커피,미콩커피,미콩커피본사,5,2,0,0,0,0.4,0.0,200000,2.0,845.0
2022,미콩커피,미콩커피,미콩커피본사,5,2,0,0,0,0.4,0.0,200000,2.0,845.0
2023,미콩커피,미콩커피,미콩커피본사,7,2,1,1,1,0.2857142857142857,0.2857142857142857,165065,1.65065,823.5
2024,미콩커피,미콩커피,미콩커피본사,8,3,0,2,2,0.375,0.25,139464,1.39464,533.6
2022,밀크로지,밀크로지,밀크로지에프앤비,3,3,0,0,0,1.0,0.0,0,0.0,0.0
2023,밀크로지,밀크로지,밀크로지에프앤비,3,0,0,0,0,0.0,0.0,54686,0.54686,323.6
2024,밀크로지,밀크로지,밀크로지에프앤비,2,1,3,0,0,0.5,1.5,0,0.0,0.0
2023,밀화당,밀화당,(주)밀화당,4,3,0,0,0,0.75,0.0,1095689,10.95689,889.1
2024,밀화당,밀화당,(주)밀화당,5,1,0,0,1,0.2,0.0,891880,8.9188,937.6
2023,바나타이거,바나타이거,(주)맥스원이링크,5,5,0,0,0,1.0,0.0,0,0.0,0.0
2024,바나타이거,바나타이거,(주)맥스원이링크,24,19,0,0,0,0.7916666666666666,0.0,139549,1.39549,890.9
2023,바나프레소,바나프레소,(주)바나플에프엔비,2,2,0,0,0,1.0,0.0,0,0.0,0.0
2024,바나프레소,바나프레소,(주)바나플에프엔비,22,20,0,0,0,0.9090909090909091,0.0,173051,1.73051,1004.8
2022,바다CCM,바다CCM(씨씨엠)커피,㈜바다와우리,2,2,0,0,0,1.0,0.0,0,0.0,0.0
2017,바리스타비,바리스타비,(주)바리스타비,19,1,0,4,3,0.05263157894736842,0.21052631578947367,52248,0.52248,235.7
2018,바리스타비,바리스타비,(주)바리스타비,19,2,0,2,1,0.10526315789473684,0.10526315789473684,58170,0.5817,244.0
2019,바리스타비,바리스타비,(주)바리스타비,11,1,1,8,7,0.09090909090909091,0.8181818181818182,63792,0.63792,235.0
2020,바리스타비,바리스타비,(주)바리스타비,11,0,0,0,0,0.0,0.0,55718,0.55718,205.7
2021,바리스타비,바리스타비,(주)바리스타비,9,0,0,2,0,0.0,0.2222222222222222,37014,0.37014,133.3
2022,바리스타비,바리스타비,(주)바리스타비,7,0,0,2,1,0.0,0.2857142857142857,34677,0.34677,127.6
2023,바리스타비,바리스타비,(주)바리스타비,5,0,0,2,0,0.0,0.4,120995,1.20995,504.1
2023,바리스텔라,바리스텔라,(주)카페베네,2,2,0,0,0,1.0,0.0,0,0.0,0.0
2024,바리스텔라,바리스텔라,(주)카페베네,9,7,0,0,0,0.7777777777777778,0.0,109813,1.09813,3.8
2022,바리스트로,바리스트로,(주)바리스트로,7,7,0,0,0,1.0,0.0,55944,0.55944,508.6
2023,바리스트로,바리스트로,(주)바리스트로,6,1,2,0,1,0.16666666666666666,0.3333333333333333,73168,0.73168,431.5
2024,바리스트로,바리스트로,(주)바리스트로,7,4,1,2,0,0.5714285714285714,0.42857142857142855,56420,0.5642,394.9
2017,바빈스,바빈스,(주)퍼스트에이엔티,72,10,3,13,8,0.1388888888888889,0.2222222222222222,0,0.0,0.0
2018,바빈스,바빈스,(주)퍼스트에이엔티,60,4,8,8,4,0.06666666666666667,0.26666666666666666,0,0.0,0.0
2019,바빈스,바빈스,(주)퍼스트에이엔티,63,21,2,16,4,0.3333333333333333,0.2857142857142857,131246,1.31246,462.1
2020,바빈스,바빈스,(주)퍼스트에이엔티,58,10,6,9,4,0.1724137931034483,0.25862068965517243,126324,1.26324,590.2
2021,바빈스,바빈스,(주)퍼스트에이엔티,56,11,10,3,0,0.19642857142857142,0.23214285714285715,126479,1.26479,615.9
2022,바빈스,바빈스,(주)퍼스트에이엔티,41,8,17,6,0,0.1951219512195122,0.5609756097560976,126531,1.26531,665.4
2023,바빈스,바빈스,(주)퍼스트에이엔티,56,27,6,6,0,0.48214285714285715,0.21428571428571427,152198,1.52198,659.3
2024,바빈스,바빈스,(주)퍼스트에이엔티,54,5,6,1,2,0.09259259259259259,0.12962962962962962,132523,1.32523,701.5
2024,바소,바소,바소(VASO),2,0,0,0,0,0.0,0.0,77861,0.77861,622.9
2022,바소카페,바소카페,바소,2,2,0,0,0,1.0,0.0,0,0.0,0.0
2022,바오빙,바오빙,(주)바오빙,2,1,0,0,1,0.5,0.0,320028,3.20028,1454.3
2020,반달커피,반달커피,루나에프엔비(주),4,4,0,0,0,1.0,0.0,0,0.0,0.0
2021,반달커피,반달커피,루나에프엔비(주),53,51,2,0,0,0.9622641509433962,0.03773584905660377,130207,1.30207,1072.8
2022,반달커피,반달커피,루나에프엔비(주),74,23,2,0,8,0.3108108108108108,0.02702702702702703,132519,1.32519,1060.8
2024,반달커피,반달커피,(주)벨류웍스,58,4,14,0,9,0.06896551724137931,0.2413793103448276,88705,0.88705,722.0
2019,반반스프링스커피,반반스프링스커피(BANBANSPRINGS COFFEE),반반스프링스,15,2,1,0,0,0.13333333333333333,0.06666666666666667,251622,2.51622,431.6
2020,반반스프링스커피,반반스프링스커피(BANBANSPRINGS COFFEE),반반스프링스,14,3,4,0,0,0.21428571428571427,0.2857142857142857,255035,2.55035,441.2
2021,반반스프링스커피,반반스프링스커피(BANBANSPRINGS COFFEE),반반스프링스,14,1,1,0,0,0.07142857142857142,0.07142857142857142,174894,1.74894,293.4
2020,반할커피,반할커피,반할커피,1,1,0,0,0,1.0,0.0,0,0.0,0.0
2021,반할커피,반할커피,반할커피,6,5,0,0,0,0.8333333333333334,0.0,0,0.0,0.0
2022,발도스커피,발도스커피(valdos coffee),조이풀컴퍼니(주),40,26,0,0,1,0.65,0.0,175366,1.75366,770.5
2023,발도스커피,발도스커피(valdos coffee),조이풀컴퍼니(주),69,32,3,0,5,0.463768115942029,0.043478260869565216,131547,1.31547,756.7
2024,발도스커피,발도스커피(valdos coffee),조이풀컴퍼니(주),83,23,9,0,9,0.27710843373493976,0.10843373493975904,143105,1.43105,838.9
2022,배달의카페,배달의카페,배달의카페,4,3,0,0,0,0.75,0.0,0,0.0,0.0
2023,배달의카페,배달의카페,배달의카페,6,3,1,0,0,0.5,0.16666666666666666,116955,1.16955,996.0
2024,배달의카페,배달의카페,배달의카페,9,3,0,0,2,0.3333333333333333,0.0,96284,0.96284,623.0
2024,배터리스튜디오,배터리스튜디오,(주)커피베이,1,1,0,0,0,1.0,0.0,0,0.0,0.0
2022,배터리커피,배터리커피(BATTERY COFFEE),우아한식탁,1,1,0,0,0,1.0,0.0,264000,2.64,1320.0
2018,백금당,백금당,백금당,2,2,0,0,0,1.0,0.0,0,0.0,0.0
2019,백금당,백금당,백금당,7,5,0,0,0,0.7142857142857143,0.0,0,0.0,0.0
2020,백금당,백금당,백금당,15,8,0,0,1,0.5333333333333333,0.0,196232,1.96232,719.5
2021,백금당,백금당,백금당,21,6,0,0,2,0.2857142857142857,0.0,144925,1.44925,497.7
2022,백금당,백금당,백금당,30,9,0,0,0,0.3,0.0,144424,1.44424,472.9
2023,백금당,백금당,백금당,32,2,0,0,0,0.0625,0.0,145606,1.45606,502.0
2024,백금당,백금당,백금당,30,3,0,5,4,0.1,0.16666666666666666,133199,1.33199,467.0
2023,백억커피,백억커피,(주)오가다,26,26,0,0,1,1.0,0.0,377738,3.77738,4806.7
2024,백억커피,백억커피,(주)오가다,88,63,1,0,6,0.7159090909090909,0.011363636363636364,433125,4.33125,3443.1
2024,백제당,백제당,달콤,2,0,0,0,0,0.0,0.0,0,0.0,0.0
2023,밸라다,밸라다(BELLADA),밸라다부산본점,13,13,0,0,0,1.0,0.0,55924,0.55924,399.7
2024,밸라다,밸라다(BELLADA),밸라다부산본점,9,2,6,0,2,0.2222222222222222,0.6666666666666666,0,0.0,0.0
2024,번트커피,번트커피(Burnt Coffee),㈜디앤지컴퍼니본,1,1,0,0,0,1.0,0.0,0,0.0,0.0
2019,벌크커피,벌크커피(BULK COFFEE),(주)벌크커피,66,66,0,0,8,1.0,0.0,158378,1.58378,793.9
2020,벌크커피,벌크커피(BULK COFFEE),(주)벌크커피,104,41,3,0,9,0.3942307692307692,0.028846153846153848,183451,1.83451,980.5
2021,벌크커피,벌크커피(BULK COFFEE),(주)벌크커피,130,31,5,0,23,0.23846153846153847,0.038461538461538464,156592,1.56592,848.5
2022,벌크커피,벌크커피(BULK COFFEE),(주)벌크커피,173,47,0,4,24,0.27167630057803466,0.023121387283236993,152549,1.52549,835.6
2023,벌크커피,벌크커피(BULK COFFEE),(주)벌크커피,211,39,0,1,32,0.1848341232227488,0.004739336492890996,171169,1.71169,985.5
2024,벌크커피,벌크커피(BULK COFFEE),(주)벌크커피,218,14,1,6,30,0.06422018348623854,0.03211009174311927,189787,1.89787,1035.9
2021,베러댄와플,베러댄와플,베러댄와플협동조합,63,10,7,0,4,0.15873015873015872,0.1111111111111111,115041,1.15041,1368.4
2022,베러댄와플,베러댄와플,베러댄와플협동조합,57,7,13,0,5,0.12280701754385964,0.22807017543859648,100847,1.00847,1108.9
2017,베러먼데이,베러먼데이,베러먼데이(BETTER MONDAY),2,2,0,0,0,1.0,0.0,0,0.0,0.0
2018,베러먼데이,베러먼데이,베러먼데이(BETTERMONDAY),2,0,0,0,0,0.0,0.0,0,0.0,0.0
2019,베러먼데이,베러먼데이,베러먼데이드링크코리아(주),9,8,0,1,0,0.8888888888888888,0.1111111111111111,61901,0.61901,1121.0
2020,베러먼데이,베러먼데이,베러먼데이드링크코리아(주),18,11,0,2,2,0.6111111111111112,0.1111111111111111,118539,1.18539,765.2
2021,베러먼데이,베러먼데이,베러먼데이코리아(주),34,18,0,2,2,0.5294117647058824,0.058823529411764705,108524,1.08524,642.2
2022,베러먼데이,베러먼데이,베러먼데이코리아(주),74,45,5,0,2,0.6081081081081081,0.06756756756756757,119729,1.19729,876.8
2023,베러먼데이,베러먼데이,베러먼데이코리아(주),115,46,0,5,12,0.4,0.043478260869565216,120707,1.20707,943.0
2024,베러먼데이,베러먼데이,베러먼데이코리아(주),125,21,11,0,18,0.168,0.088,116211,1.16211,857.9
2018,베스트빈,베스트빈,(주)에스에이치네트웍스,34,1,2,1,0,0.029411764705882353,0.08823529411764706,85349,0.85349,467.5
2019,베스트빈,베스트빈,(주)에스에이치네트웍스,30,0,3,1,0,0.0,0.13333333333333333,72251,0.72251,385.8
2020,베스트빈,베스트빈,(주)에스에이치네트웍스,29,2,3,0,0,0.06896551724137931,0.10344827586206896,63497,0.63497,316.8
2021,베스트빈,베스트빈,(주)에스에이치네트웍스,26,0,3,0,0,0.0,0.11538461538461539,56024,0.56024,260.2
2022,베스트빈,베스트빈,(주)에스에이치네트웍스,25,0,1,0,0,0.0,0.04,56696,0.56696,261.1
2023,베스트빈,베스트빈,(주)에스에이치네트웍스,19,0,6,0,0,0.0,0.3157894736842105,59393,0.59393,232.9
2024,베스트빈,베스트빈,(주)에스에이치네트웍스,14,0,5,0,1,0.0,0.35714285714285715,62456,0.62456,239.4
2022,베어밀크,베어밀크(BEAR MILK),(주)에이피컴퍼니,2,2,0,0,0,1.0,0.0,0,0.0,0.0
2023,베어밀크,베어밀크(BEAR MILK),(주)에이피컴퍼니,7,5,0,0,2,0.7142857142857143,0.0,112846,1.12846,686.2
2024,베어밀크,베어밀크(BEAR MILK),(주)에이피컴퍼니,5,1,0,3,1,0.2,0.6,77503,0.77503,250.7
2021,베이리프커피,베이리프커피(BAYLEEF COFFEE),(주)지제이케이홀딩스,4,4,0,0,0,1.0,0.0,0,0.0,0.0
2022,베이리프커피,베이리프커피(BAYLEEF COFFEE),(주)지제이케이홀딩스,9,5,0,0,1,0.5555555555555556,0.0,78082,0.78082,937.0
2024,벤베커,벤베커(Ben Backer) ,(주)모인,3,3,0,0,0,1.0,0.0,383847,3.83847,274.2
2021,벤투스커피,벤투스커피(VENTUS COFFEE),(주)카페홀릭,1,1,0,2,0,1.0,2.0,0,0.0,0.0
2022,벤투스커피,벤투스커피,(주)카페홀릭,1,0,0,0,0,0.0,0.0,0,0.0,0.0
2021,벤티프레소,벤티프레소,(주)정직한,1,1,0,0,0,1.0,0.0,0,0.0,0.0
2022,벤티프레소,벤티프레소,(주)정직한,16,15,0,0,1,0.9375,0.0,170239,1.70239,1177.8
2023,벤티프레소,벤티프레소,(주)정직한,38,22,0,0,3,0.5789473684210527,0.0,184180,1.8418,1213.5
2024,벤티프레소,벤티프레소,(주)정직한,50,21,0,9,7,0.42,0.18,162393,1.62393,1197.1
2017,벨라빈스커피,벨라빈스커피,(주)놀부,8,0,0,3,0,0.0,0.375,145866,1.45866,443.9
2018,벨라빈스커피,벨라빈스커피,(주)놀부,8,0,0,0,0,0.0,0.0,0,0.0,0.0
2019,벨라빈스커피,벨라빈스커피,(주)놀부,7,0,0,1,0,0.0,0.14285714285714285,37452,0.37452,118.9
2020,벨라빈스커피,벨라빈스커피,(주)놀부,6,0,0,1,0,0.0,0.16666666666666666,35521,0.35521,197.3
2021,벨라빈스커피,벨라빈스커피,(주)놀부,4,0,0,2,0,0.0,0.5,0,0.0,0.0
2022,벨라빈스커피,벨라빈스커피,(주)놀부,4,0,0,0,0,0.0,0.0,0,0.0,0.0
2024,벨라빈스커피,벨라빈스커피,(주)놀부,4,0,0,0,0,0.0,0.0,0,0.0,0.0
2023,벨렘,벨렘,빌리프,1,1,0,0,0,1.0,0.0,0,0.0,0.0
2024,벨렘,벨렘,빌리프,1,0,0,0,0,0.0,0.0,0,0.0,0.0
2020,별난커피,별난커피,별난커피,1,1,0,0,0,1.0,0.0,0,0.0,0.0
2021,별난커피,별난커피,별난커피,6,5,0,0,0,0.8333333333333334,0.0,0,0.0,0.0
2022,별난커피,별난커피,별난커피,6,0,0,0,0,0.0,0.0,123755,1.23755,949.7
2023,별난커피,별난커피,별난커피동구점,8,1,0,0,0,0.125,0.0,148813,1.48813,962.9
2024,별난커피,별난커피,별난커피본점,8,1,1,0,0,0.125,0.125,161794,1.61794,920.5
2021,보니또커피,보니또커피,에스프레소코리아(주),1,2,1,0,0,2.0,1.0,0,0.0,0.0
2022,보니또커피,보니또커피,에스프레소코리아(주),2,1,0,0,0,0.5,0.0,0,0.0,0.0
2023,보니또커피,보니또커피,에스프레소코리아(주),2,0,0,0,0,0.0,0.0,0,0.0,0.0
2024,보니또커피,보니또커피,에스프레소코리아(주),4,3,1,0,0,0.75,0.25,98012,0.98012,1023.5
2018,보스 프레소,보스 프레소(BOTH PRESSO),(주)휴링크에프씨,2,2,0,0,0,1.0,0.0,0,0.0,0.0
2018,보스커피&amp;브런치,보스커피&amp;브런치,보스커피,1,1,0,0,0,1.0,0.0,0,0.0,0.0
2024,보스턴커피,보스턴커피(Boston Coffee),㈜보스턴컴퍼니,2,2,0,0,0,1.0,0.0,0,0.0,0.0
2017,복고다방,복고다방,(주)에스엔인더스트리,37,21,2,6,2,0.5675675675675675,0.21621621621621623,70084,0.70084,769.4
2018,복고다방,복고다방,(주)에스엔인더스트리,32,11,16,0,2,0.34375,0.5,0,0.0,0.0
2019,복고다방,복고다방,(주)에스엔인더스트리,30,8,10,0,3,0.26666666666666666,0.3333333333333333,0,0.0,0.0
2020,복고다방,복고다방,(주)에스엔인더스트리,23,6,13,0,2,0.2608695652173913,0.5652173913043478,0,0.0,0.0
2021,복고다방,복고다방,(주)에스엔인더스트리,20,6,9,0,0,0.3,0.45,0,0.0,0.0
2022,복고다방,복고다방,(주)에스엔인더스트리,34,16,2,0,0,0.47058823529411764,0.058823529411764705,0,0.0,0.0
2024,복고다방,복고다방,(주)에스엔인더스트리,47,6,7,0,6,0.1276595744680851,0.14893617021276595,0,0.0,0.0
2017,본정,본정,본정초콜릿(주),2,1,0,0,0,0.5,0.0,319274,3.19274,1595.9
2018,본정,본정,본정초콜릿(주),6,4,0,0,0,0.6666666666666666,0.0,314629,3.14629,1797.1
2023,봄바스타커피,봄바스타커피,봄바스타커피(국민시장점),14,4,1,0,0,0.2857142857142857,0.07142857142857142,0,0.0,0.0
2024,봄바스타커피,봄바스타커피,봄바스타커피가맹본부,20,8,2,0,0,0.4,0.1,0,0.0,0.0
2017,봄봄테이크아웃,봄봄테이크아웃(봄봄TAKE-OUT),(주)카페봄봄,116,56,1,1,17,0.4827586206896552,0.017241379310344827,183570,1.8357,1569.6
2018,봄봄테이크아웃,봄봄테이크아웃(봄봄TAKE-OUT),(주)카페봄봄,144,29,1,0,13,0.2013888888888889,0.006944444444444444,225451,2.25451,1969.1
2019,봄봄테이크아웃,봄봄테이크아웃(봄봄TAKE-OUT),(주)봄봄,183,45,6,0,0,0.2459016393442623,0.03278688524590164,0,0.0,0.0
2020,봄봄테이크아웃,봄봄테이크아웃(봄봄TAKE-OUT),(주)봄봄,224,54,13,0,17,0.24107142857142858,0.05803571428571429,196274,1.96274,1732.0
2021,봄봄테이크아웃,봄봄테이크아웃(봄봄TAKE-OUT),(주)봄봄,287,69,6,0,17,0.24041811846689895,0.020905923344947737,170501,1.70501,1501.1
2022,봄봄테이크아웃,봄봄테이크아웃(봄봄TAKE-OUT),(주)봄봄,370,95,0,14,0,0.25675675675675674,0.03783783783783784,153930,1.5393,1385.6
2022,봉남동커피,봉남동커피,봉남동커피,6,6,0,0,0,1.0,0.0,93371,0.93371,632.0
2023,봉남동커피,봉남동커피,더B.N.D컴퍼니,4,0,2,0,1,0.0,0.5,72804,0.72804,462.0
2019,봉리단길,봉리단길,(주)가유에프엔비,2,2,0,0,0,1.0,0.0,0,0.0,0.0
2020,봉명동내커피,봉명동내커피,봉명동내커피,5,5,0,0,0,1.0,0.0,0,0.0,0.0
2021,봉명동내커피,봉명동내커피,(주)비엠디,21,16,0,0,0,0.7619047619047619,0.0,230012,2.30012,2208.1
2022,봉명동내커피,봉명동내커피,(주)비엠디,54,33,0,0,7,0.6111111111111112,0.0,249508,2.49508,1969.8
2023,봉명동내커피,봉명동내커피,(주)비엠디,99,49,3,1,18,0.494949494949495,0.04040404040404041,258099,2.58099,2125.4
2024,봉명동내커피,봉명동내커피,(주)비엠디,135,53,6,3,31,0.3925925925925926,0.06666666666666667,267130,2.6713,2295.4
2018,부바스,부바스,서컴퍼니,6,0,0,3,0,0.0,0.5,485499,4.85499,594.4
2019,부바스,부바스,서컴퍼니,6,2,0,2,0,0.3333333333333333,0.3333333333333333,0,0.0,0.0
2020,부바스,부바스,서컴퍼니,4,0,0,2,0,0.0,0.5,0,0.0,0.0
2021,부바스,부바스,서컴퍼니,3,0,0,1,0,0.0,0.3333333333333333,0,0.0,0.0
2022,부바스,부바스,서컴퍼니,4,1,0,0,0,0.25,0.0,0,0.0,0.0
2023,부바스,부바스,서컴퍼니,4,0,0,0,0,0.0,0.0,0,0.0,0.0
2021,북앤빅뱅,북앤빅뱅,북앤빅뱅(주),14,2,0,2,1,0.14285714285714285,0.14285714285714285,0,0.0,0.0
2022,북앤빅뱅,북앤빅뱅,북앤빅뱅(주),13,0,0,1,1,0.0,0.07692307692307693,0,0.0,0.0
2024,북앤빅뱅,북앤빅뱅,북앤빅뱅(주),8,1,0,4,1,0.125,0.5,0,0.0,0.0
2023,"붕어네, 커피","붕어네, 커피",딜라이트푸드,2,2,0,0,0,1.0,0.0,98325,0.98325,1092.5
2017,브라우니70,브라우니70,(주)브라우니웍스,15,3,1,0,1,0.2,0.06666666666666667,474735,4.74735,931.0
2018,브라우니70,브라우니70,(주)브라우니웍스,11,1,5,0,2,0.09090909090909091,0.45454545454545453,431733,4.31733,900.2
2019,브라우니70,브라우니70,(주)브라우니웍스,10,0,0,1,0,0.0,0.1,561400,5.614,1370.6
2024,브라운래빗,브라운래빗,(주)비손에프앤비,2,2,0,0,0,1.0,0.0,166180,1.6618,1096.8
2022,브런치빈,브런치빈,(주)91컴퍼니,6,6,0,0,0,1.0,0.0,0,0.0,0.0
2023,브런치빈,브런치빈,(주)91컴퍼니,39,33,0,0,0,0.8461538461538461,0.0,1158718,11.58718,1625.1
2022,브루원츠,브루원츠(brewants),깡통시장바리스타PTG,1,1,0,0,0,1.0,0.0,0,0.0,0.0
2023,브루원츠,브루원츠(brewants),깡통시장바리스타PTG,2,1,0,0,0,0.5,0.0,0,0.0,0.0
2024,브루잉토트,브루잉토트,(주)토트,2,2,0,0,0,1.0,0.0,134772,1.34772,891.6
2021,브이카페,브이카페,(주)브이앤케이코퍼레이션,4,4,1,0,0,1.0,0.25,0,0.0,0.0
2022,브이카페,브이카페,(주)브이앤케이코퍼레이션,3,0,1,0,0,0.0,0.3333333333333333,0,0.0,0.0
2023,브이카페,브이카페,(주)브이앤케이코퍼레이션,2,0,1,0,0,0.0,0.5,139696,1.39696,630.9
2024,브이카페,브이카페,(주)브이앤케이코퍼레이션,1,0,0,1,0,0.0,1.0,115891,1.15891,1365.9
2017,블랙라인커피,블랙라인커피,(주)카페발트,21,1,2,0,0,0.047619047619047616,0.09523809523809523,118598,1.18598,1103.5
2018,블랙라인커피,블랙라인커피,(주)카페발트,18,0,3,0,6,0.0,0.16666666666666666,113332,1.13332,1035.3
2019,블랙라인커피,블랙라인커피,(주)카페발트,14,2,4,2,5,0.14285714285714285,0.42857142857142855,135168,1.35168,1111.1
2020,블랙라인커피,블랙라인커피,(주)카페발트,11,0,1,2,2,0.0,0.2727272727272727,145630,1.4563,1317.2
2020,블랙슈가,블랙슈가,(주)코리아케이푸드,1,1,0,0,0,1.0,0.0,0,0.0,0.0
2022,블랙와인커피,블랙와인커피,(주)블랙와인커피,4,4,0,0,0,1.0,0.0,0,0.0,0.0
2023,블랙와인커피,블랙와인커피,(주)블랙와인커피,2,1,3,0,1,0.5,1.5,323106,3.23106,1077.0
2024,블랙와인커피,블랙와인커피,(주)블랙와인커피,2,1,1,0,0,0.5,0.5,147376,1.47376,733.7
2017,블레스롤,블레스롤(Bless Roll),블레스롤 가맹본부,9,8,1,0,0,0.8888888888888888,0.1111111111111111,310360,3.1036,774.1
2018,블레스롤,블레스롤(Bless Roll),블레스롤 가맹본부,18,11,2,0,2,0.6111111111111112,0.1111111111111111,286020,2.8602,705.2
2019,블레스롤,블레스롤(Bless Roll),블레스롤가맹본부,18,4,4,0,3,0.2222222222222222,0.2222222222222222,271263,2.71263,673.9
2020,블레스롤,블레스롤(Bless Roll),블레스롤가맹본부,20,4,2,0,1,0.2,0.1,237056,2.37056,571.9
2021,블레스롤,블레스롤(Bless Roll),블레스롤가맹본부,20,6,5,1,2,0.3,0.3,294153,2.94153,737.6
2022,블레스롤,블레스롤(Bless Roll),블레스롤가맹본부,23,4,1,0,2,0.17391304347826086,0.043478260869565216,282804,2.82804,614.1
2023,블레스롤,블레스롤(Bless Roll),블레스롤가맹본부,24,4,3,0,3,0.16666666666666666,0.125,368005,3.68005,654.7
2017,블레스유커피,블레스유커피,세인컴퍼니(주),6,0,1,0,0,0.0,0.16666666666666666,57464,0.57464,195.5
2018,블레스유커피,블레스유커피,세인컴퍼니(주),6,0,0,0,0,0.0,0.0,0,0.0,0.0
2023,블루 웨이브 커피,블루 웨이브 커피,블루웨이브커피,1,0,0,0,0,0.0,0.0,100004,1.00004,237.4
2024,블루 웨이브 커피,블루 웨이브 커피,블루웨이브커피,4,3,0,0,0,0.75,0.0,98239,0.98239,387.7
2021,블루빈스,블루빈스,(주)블루빈스커피,5,5,0,0,0,1.0,0.0,0,0.0,0.0
2022,블루빈스,블루빈스,(주)블루빈스커피,12,7,0,0,0,0.5833333333333334,0.0,111462,1.11462,626.3
2023,블루빈스,블루빈스,(주)블루빈스커피,16,5,0,1,1,0.3125,0.0625,110457,1.10457,199.6
2024,블루빈스,블루빈스,(주)블루빈스커피,16,3,2,1,1,0.1875,0.1875,94386,0.94386,170.2
2023,블루포트,블루포트(BLUEPOT),(주)로로,2,2,0,0,0,1.0,0.0,0,0.0,0.0
2024,블루포트,블루포트(BLUEPOT),(주)로로,3,1,0,0,0,0.3333333333333333,0.0,97441,0.97441,2448.4
2022,비거커피,비거커피,(주)코리아케이푸드,1,0,0,0,0,0.0,0.0,0,0.0,0.0
2017,비라티오,비라티오,비라티오컴퍼니,4,4,0,0,0,1.0,0.0,0,0.0,0.0
2018,비라티오,비라티오,비라티오컴퍼니,4,0,0,0,0,0.0,0.0,0,0.0,0.0
2017,비마이프렌드,비마이프렌드,(재)행복한나눔,2,0,0,0,0,0.0,0.0,0,0.0,0.0
2018,비마이프렌드,비마이프렌드,(재)행복한나눔,2,0,0,0,0,0.0,0.0,0,0.0,0.0
2019,비엔나커피하우스,비엔나커피하우스,(주)제이엠케이,27,20,0,0,0,0.7407407407407407,0.0,243892,2.43892,479.4
2020,비엔나커피하우스,비엔나커피하우스,(주)제이엠케이,43,17,1,0,0,0.3953488372093023,0.023255813953488372,282835,2.82835,559.2
2021,비엔나커피하우스,비엔나커피하우스,(주)제이엠케이,43,4,2,2,2,0.09302325581395349,0.09302325581395349,205676,2.05676,372.3
2022,비엔나커피하우스,비엔나커피하우스,(주)제이엠케이,38,0,3,3,0,0.0,0.15789473684210525,171213,1.71213,308.2
2023,비엔나커피하우스,비엔나커피하우스,(주)제이엠케이,30,0,0,8,5,0.0,0.26666666666666666,195289,1.95289,336.4
2024,비엔나커피하우스,비엔나커피하우스,(주)제이엠케이,24,1,7,0,1,0.041666666666666664,0.2916666666666667,237004,2.37004,397.0
2021,비커피,비커피(BEE COFFEE),(주)비,4,4,0,0,0,1.0,0.0,0,0.0,0.0
2022,비커피,비커피(BEE COFFEE),(주)씨에프씨,5,2,1,0,0,0.4,0.2,152767,1.52767,730.5
2023,비커피,비커피(BEE COFFEE),(주)씨에프씨,6,2,1,0,0,0.3333333333333333,0.16666666666666666,160073,1.60073,928.8
2024,비커피,비커피(BEE COFFEE),(주)씨에프씨,2,0,2,1,0,0.0,1.5,55772,0.55772,446.2
2023,빅그램커피베이커리,빅그램커피베이커리,빅그램커피베이커리,1,0,0,0,0,0.0,0.0,0,0.0,0.0
2017,빅다방,빅다방,(주)제이엔에프,30,30,0,0,0,1.0,0.0,145023,1.45023,1450.2
2018,빅다방,빅다방,(주)제이엔에프,21,3,0,12,1,0.14285714285714285,0.5714285714285714,110090,1.1009,871.8
2017,빅몬스터,빅몬스터,비엠씨(BMC),6,4,1,0,0,0.6666666666666666,0.16666666666666666,80731,0.80731,461.3
2017,빈스빈스,빈스빈스,(주)빈스앤로스터리코리아,28,1,3,3,2,0.03571428571428571,0.21428571428571427,258697,2.58697,466.7
2018,빈스빈스,빈스빈스,(주)빈스앤로스터리코리아,26,2,1,3,2,0.07692307692307693,0.15384615384615385,229151,2.29151,408.3
2019,빈스빈스,빈스빈스,(주)빈스앤로스터리코리아,28,5,1,2,2,0.17857142857142858,0.10714285714285714,208229,2.08229,413.1
2020,빈스빈스,빈스빈스,(주)빈스앤로스터리코리아,26,1,2,1,3,0.038461538461538464,0.11538461538461539,183690,1.8369,430.9
2021,빈스빈스,빈스빈스,(주)빈스앤로스터리코리아,24,1,0,3,1,0.041666666666666664,0.125,121183,1.21183,300.4
2022,빈스빈스,빈스빈스,(주)빈스앤로스터리코리아,21,1,0,4,1,0.047619047619047616,0.19047619047619047,112546,1.12546,279.7
2023,빈스빈스,빈스빈스,(주)빈스앤로스터리코리아,17,1,0,5,0,0.058823529411764705,0.29411764705882354,131282,1.31282,318.0
2024,빈스빈스,빈스빈스,(주)빈스앤로스터리코리아,12,0,4,1,0,0.0,0.4166666666666667,128741,1.28741,301.8
2019,빈타이,빈타이(BEAN TIE),유한회사빈타이컴퍼니,2,2,0,0,0,1.0,0.0,0,0.0,0.0
2020,빈타이,빈타이(BEAN TIE),(유)빈타이컴퍼니,4,2,0,0,0,0.5,0.0,0,0.0,0.0
2021,빈타이,빈타이(BEAN TIE),(유)빈타이컴퍼니,7,3,0,0,0,0.42857142857142855,0.0,368681,3.68681,475.3
2022,빈타이,빈타이(BEAN TIE),(유)빈타이컴퍼니,9,2,0,0,0,0.2222222222222222,0.0,329792,3.29792,396.8
2023,빈타이,빈타이(BEAN TIE),(유)빈타이컴퍼니,10,1,0,0,1,0.1,0.0,350353,3.50353,378.5
2024,빈타이,빈타이(BEAN TIE),(유)빈타이컴퍼니,14,4,0,0,0,0.2857142857142857,0.0,323382,3.23382,403.6
2019,빌리브라운,빌리브라운(BILLYBROWN),빌리브라운,12,3,1,1,0,0.25,0.16666666666666666,140028,1.40028,997.8
2020,빌리브라운,빌리브라운(BILLYBROWN),(주)빌리컴퍼니,14,3,0,1,2,0.21428571428571427,0.07142857142857142,145961,1.45961,940.3
2021,빌리브라운,빌리브라운(BILLYBROWN),(주)빌리컴퍼니,12,1,2,1,1,0.08333333333333333,0.25,120524,1.20524,729.2
2017,빌리엔젤,빌리엔젤 ,(주)빌리엔젤,31,18,1,0,2,0.5806451612903226,0.03225806451612903,350761,3.50761,1269.2
2018,빌리엔젤,빌리엔젤 ,(주)빌리엔젤,39,13,5,0,0,0.3333333333333333,0.1282051282051282,322863,3.22863,1214.8
2019,빌리엔젤,빌리엔젤 ,(주)빌리엔젤,46,13,6,0,2,0.2826086956521739,0.13043478260869565,296607,2.96607,972.1
2020,빌리엔젤,빌리엔젤 ,(주)그레닉스,42,6,0,10,0,0.14285714285714285,0.23809523809523808,178607,1.78607,588.5
2021,빌리엔젤,빌리엔젤 ,(주)그레닉스,38,1,0,5,0,0.02631578947368421,0.13157894736842105,298013,2.98013,984.4
2022,빌리엔젤,빌리엔젤,(주)그레닉스,37,7,8,0,5,0.1891891891891892,0.21621621621621623,353330,3.5333,1017.8
2023,빌리엔젤,빌리엔젤,(주)그레닉스,30,1,1,7,8,0.03333333333333333,0.26666666666666666,269311,2.69311,855.5
2024,빌리엔젤,빌리엔젤,(주)그레닉스,22,0,8,0,0,0.0,0.36363636363636365,221489,2.21489,719.3
2023,빡벳,빡벳(VAC VIET),㈜빡벳,6,6,0,0,0,1.0,0.0,125945,1.25945,419.8
2024,빡벳,빡벳(VAC VIET),㈜빡벳,8,4,2,0,0,0.5,0.25,75233,0.75233,778.2
2017,빨콩,빨콩,(주)오구본가,14,4,3,0,1,0.2857142857142857,0.21428571428571427,156014,1.56014,1009.2
2018,빨콩,빨콩,(주)오구본가,12,1,3,0,1,0.08333333333333333,0.25,134554,1.34554,838.3
2019,빨콩,빨콩,(주)오구본가,10,0,2,0,1,0.0,0.2,136184,1.36184,894.0
2020,빨콩,빨콩,(주)오구본가,10,0,0,0,1,0.0,0.0,126334,1.26334,829.3
2017,빽다방,빽다방,(주)더본코리아,522,113,3,0,33,0.2164750957854406,0.005747126436781609,281238,2.81238,2163.3
2018,빽다방,빽다방,(주)더본코리아,539,35,18,0,61,0.06493506493506493,0.03339517625231911,252374,2.52374,1980.1
2019,빽다방,빽다방,(주)더본코리아,571,40,8,0,65,0.07005253940455342,0.014010507880910683,293067,2.93067,2281.1
2020,빽다방,빽다방,(주)더본코리아,617,54,8,0,62,0.08752025931928688,0.012965964343598054,325010,3.2501,2499.2
2021,빽다방,빽다방,(주)더본코리아,721,117,13,0,55,0.1622746185852982,0.018030513176144243,298566,2.98566,2231.0
2022,빽다방,빽다방,(주)더본코리아,971,258,8,0,65,0.26570545829042225,0.008238928939237899,285048,2.85048,2021.3
2023,빽다방,빽다방,(주)더본코리아,1228,278,21,0,90,0.2263843648208469,0.01710097719869707,297393,2.97393,2043.2
2024,빽다방,빽다방,(주)더본코리아,1449,241,20,0,108,0.1663216011042098,0.013802622498274672,319087,3.19087,2136.0
2024,사과당,사과당,(주)사과나무800,7,7,0,0,0,1.0,0.0,0,0.0,0.0
2024,사람없는커피어때,사람없는커피어때,(주)마이티워리어,2,2,0,0,0,1.0,0.0,0,0.0,0.0
2023,사운즈커피,사운즈커피(SOUNDS COFFEE),㈜남다른생각,3,3,0,0,0,1.0,0.0,0,0.0,0.0
2024,사운즈커피,사운즈커피(SOUNDS COFFEE),㈜남다른생각,4,2,0,1,0,0.5,0.25,0,0.0,0.0
2024,사운즈커피미니,사운즈커피미니(SOUNDSCOFFEE mini),㈜남다른생각,1,1,0,0,0,1.0,0.0,0,0.0,0.0
2023,사이시옷커피,사이시옷커피,사이시옷커피,1,1,0,0,0,1.0,0.0,0,0.0,0.0
2023,새콩커피,새콩커피,새콩커피,1,1,0,0,0,1.0,0.0,0,0.0,0.0
2023,샌디레이크,샌디레이크(sandy lake),샌디레이크,1,0,0,0,0,0.0,0.0,0,0.0,0.0
2023,샐러리아 SALARIA,샐러리아 SALARIA,샐러리아안산본점,14,14,0,0,0,1.0,0.0,231350,2.3135,1984.6
2024,샐러리아 SALARIA,샐러리아 SALARIA,샐러리아안산본점,45,31,0,0,4,0.6888888888888889,0.0,306373,3.06373,2634.6
2017,생활커피,생활커피,(주)비브라더스,36,34,0,0,3,0.9444444444444444,0.0,138052,1.38052,1032.8
2024,샤크로플,샤크로플,샤크로플,9,9,0,0,0,1.0,0.0,0,0.0,0.0
2023,샬로우커피,샬로우커피,샬로우,11,11,0,0,0,1.0,0.0,217589,2.17589,504.3
2024,샬로우커피,샬로우커피,샬로우(SHALLOW),17,7,1,0,1,0.4117647058823529,0.058823529411764705,231007,2.31007,601.8
2024,서로커피,서로커피,"브로떼,서로커피",1,1,0,0,0,1.0,0.0,0,0.0,0.0
2024,서울바나나커피,서울바나나커피,(주)티오더블유,7,7,0,0,0,1.0,0.0,124268,1.24268,1146.1
2019,성별 에이유,성별 에이유,성별에프터유,7,7,0,0,0,1.0,0.0,86429,0.86429,392.8
2020,성별 에이유,성별 에이유,성별에프터유,7,0,0,0,0,0.0,0.0,82857,0.82857,376.6
2021,성별 에이유,성별 에이유,성별에프터유,7,2,2,0,0,0.2857142857142857,0.2857142857142857,86000,0.86,310.2
2022,성별 에이유,성별 에이유,성별에프터유,7,1,1,0,0,0.14285714285714285,0.14285714285714285,188371,1.88371,633.9
2024,성별 에이유,성별 에이유,성별에프터유,7,0,0,0,0,0.0,0.0,122923,1.22923,413.5
2018,세가프레도,세가프레도,(주)티앤피아이코리아,3,3,0,0,0,1.0,0.0,0,0.0,0.0
2019,세가프레도,세가프레도,(주)티앤피아이코리아,3,0,0,0,1,0.0,0.0,0,0.0,0.0
2020,세가프레도,세가프레도,(주)티앤피아이코리아,2,0,1,0,0,0.0,0.5,0,0.0,0.0
2023,세이프룻,세이프룻(Safe_Fruit),㈜새힘컨설팅,4,4,0,0,0,1.0,0.0,243130,2.4313,2026.1
2024,세이프룻,세이프룻(Safe_Fruit),㈜새힘컨설팅,5,3,2,0,0,0.6,0.4,376935,3.76935,3252.0
2024,세인트커피,세인트커피(SAINT COFFEE),세인트커피(SAINTCOFFEE),1,1,0,0,0,1.0,0.0,0,0.0,0.0
2024,셀렉커피랩,셀렉커피랩(SELECT),(주)셀렉코퍼레이션,1,1,0,0,0,1.0,0.0,0,0.0,0.0
2017,셀렉토커피,셀렉토커피,(주)맥스원이링크,143,59,14,0,5,0.4125874125874126,0.0979020979020979,87629,0.87629,480.3
2018,셀렉토커피,셀렉토커피,(주)맥스원이링크,187,69,25,0,16,0.3689839572192513,0.13368983957219252,104457,1.04457,590.5
2019,셀렉토커피,셀렉토커피,(주)맥스원이링크,214,59,14,17,9,0.2757009345794392,0.14485981308411214,105472,1.05472,597.7
2020,셀렉토커피,셀렉토커피,(주)맥스원이링크,238,62,32,6,13,0.2605042016806723,0.15966386554621848,115175,1.15175,640.4
2021,셀렉토커피,셀렉토커피,(주)맥스원이링크,244,42,19,17,26,0.1721311475409836,0.14754098360655737,101617,1.01617,558.1
2022,셀렉토커피,셀렉토커피,(주)맥스원이링크,201,0,36,7,22,0.0,0.21393034825870647,100761,1.00761,528.7
2023,셀렉토커피,셀렉토커피,(주)맥스원이링크,216,23,22,24,25,0.10648148148148148,0.21296296296296297,97739,0.97739,470.6
2024,셀렉토커피,셀렉토커피,(주)맥스원이링크,164,9,23,38,22,0.054878048780487805,0.3719512195121951,53441,0.53441,253.6
2024,셀프 바리스타,셀프 바리스타,(주)아다오라,8,8,0,0,0,1.0,0.0,67134,0.67134,292.5
2023,소디스,소디스,소디스,12,5,1,0,3,0.4166666666666667,0.08333333333333333,123101,1.23101,393.3
2024,소디스,소디스,(주)소디스파치오네,15,6,3,0,1,0.4,0.2,156279,1.56279,375.5
2021,소디스커피,소디스커피(sodis coffee),소디스커피,5,5,0,0,0,1.0,0.0,82888,0.82888,460.5
2022,소디스커피,소디스커피(sodis coffee),소디스커피,8,6,3,0,1,0.75,0.375,120166,1.20166,416.4
2023,소미담,소미담,(주)엔핌,1,1,0,0,0,1.0,0.0,0,0.0,0.0
2024,소미담,소미담,(주)엔핌,10,9,0,0,0,0.9,0.0,233485,2.33485,1794.5
2022,소보롱,소보롱,(주)제이제이컴바인,4,0,1,1,0,0.0,0.5,0,0.0,0.0
2017,소복소복,소복소복,(주)케이투엘스,3,1,0,2,0,0.3333333333333333,0.6666666666666666,0,0.0,0.0
2018,소복소복,소복소복,(주)케이투엘스,2,0,0,1,0,0.0,0.5,0,0.0,0.0
2019,소진담,소진담,소진담fnb,3,3,0,0,0,1.0,0.0,0,0.0,0.0
2020,소진담,소진담,(주)소진담컬쳐,4,3,2,0,0,0.75,0.5,0,0.0,0.0
2021,손커피연구소,손커피연구소,손커피연구소,13,13,0,0,0,1.0,0.0,89800,0.898,448.8
2022,손커피연구소,손커피연구소,손커피연구소,15,2,0,0,0,0.13333333333333333,0.0,139735,1.39735,407.6
2023,손커피연구소,손커피연구소,손커피연구소,11,0,4,0,0,0.0,0.36363636363636365,147455,1.47455,375.2
2024,손커피연구소,손커피연구소,손커피연구소,9,2,4,0,0,0.2222222222222222,0.4444444444444444,135278,1.35278,377.9
2022,솔솔커피,솔솔커피,솔솔컴퍼니,2,2,0,0,0,1.0,0.0,0,0.0,0.0
2023,솔솔커피,솔솔커피,솔솔컴퍼니,2,0,0,0,0,0.0,0.0,0,0.0,0.0
2021,솔트앤슈가,솔트앤슈가,(주)솔트앤슈가,1,0,0,0,0,0.0,0.0,0,0.0,0.0
2022,수카페24,수카페24,(주)정인,8,8,0,0,0,1.0,0.0,16297,0.16297,332.0
2023,수카페24,수카페24,(주)정인,14,7,1,0,1,0.5,0.07142857142857142,5064,0.05064,69.3
2023,숨맑은집,숨맑은집,숨맑은집인테리어,1,0,0,0,0,0.0,0.0,12000,0.12,428.5
2024,숨맑은집,숨맑은집,숨맑은집인테리어,2,1,0,0,0,0.5,0.0,213578,2.13578,762.8
2019,쉬즈베이글 커피,쉬즈베이글 커피,(주)쉬즈베이글,9,9,0,0,0,1.0,0.0,0,0.0,0.0
2022,슈퍼브카페,슈퍼브카페,(주)삼청동,1,1,0,0,0,1.0,0.0,0,0.0,0.0
2018,슈퍼사이즈커피,슈퍼사이즈커피,(주)에스에이치리테일,19,5,2,0,0,0.2631578947368421,0.10526315789473684,75125,0.75125,600.2
2019,슈퍼사이즈커피,슈퍼사이즈커피,(주)에스에이치리테일,14,1,5,1,1,0.07142857142857142,0.42857142857142855,81892,0.81892,700.3
2020,슈퍼사이즈커피,슈퍼사이즈커피,(주)에스에이치리테일,13,0,1,0,0,0.0,0.07692307692307693,76213,0.76213,656.7
2021,슈퍼사이즈커피,슈퍼사이즈커피,(주)에스에이치리테일,11,1,3,0,1,0.09090909090909091,0.2727272727272727,68161,0.68161,623.3
2022,슈퍼사이즈커피,슈퍼사이즈커피,(주)에스에이치리테일,8,0,3,0,0,0.0,0.375,60384,0.60384,694.3
2023,슈퍼사이즈커피,슈퍼사이즈커피,(주)에스에이치리테일,5,0,3,0,0,0.0,0.6,63767,0.63767,705.0
2024,슈퍼사이즈커피,슈퍼사이즈커피,(주)에스에이치리테일,2,0,3,0,0,0.0,1.5,86193,0.86193,698.3
2018,슈퍼오아시스,슈퍼오아시스,(주)슈퍼오아시스,3,3,0,0,0,1.0,0.0,176000,1.76,1386.1
2017,슈퍼커피,슈퍼커피,(주)슈퍼커피,52,9,1,5,1,0.17307692307692307,0.11538461538461539,170700,1.707,2133.7
2018,슈퍼커피,슈퍼커피,(주)슈퍼커피,43,4,0,10,4,0.09302325581395349,0.23255813953488372,153930,1.5393,1465.1
2019,슈퍼커피,슈퍼커피,(주)슈퍼커피,36,0,0,7,3,0.0,0.19444444444444445,145895,1.45895,1275.3
2020,슈퍼커피,슈퍼커피,(주)슈퍼커피,32,3,7,0,4,0.09375,0.21875,147302,1.47302,1293.1
2021,슈퍼커피,슈퍼커피,(주)슈퍼커피,27,1,6,0,1,0.037037037037037035,0.2222222222222222,104051,1.04051,850.5
2022,슈퍼커피,슈퍼커피,(주)슈퍼커피,24,2,2,3,0,0.08333333333333333,0.20833333333333334,96136,0.96136,819.3
2023,슈퍼커피,슈퍼커피,(주)블랙돗트,19,1,0,6,0,0.05263157894736842,0.3157894736842105,89230,0.8923,215.6
2024,슈퍼커피,슈퍼커피,(주)블랙돗트,14,0,0,5,0,0.0,0.35714285714285715,0,0.0,0.0
2024,스내킹,스내킹,(주)거북이꿈,1,1,0,0,0,1.0,0.0,274280,2.7428,616.1
2017,스노우비,스노우비(Snow-b),(주)바리스타비,2,0,0,2,1,0.0,1.0,0,0.0,0.0
2017,스모킹카페,스모킹카페(Smoking cafe),(주)윈윈코리아,9,9,0,0,0,1.0,0.0,0,0.0,0.0
2022,스몰굿,스몰굿,한일인터내셔널(주),9,9,0,0,1,1.0,0.0,169579,1.69579,1817.5
2023,스몰굿,스몰굿,한일인터내셔널(주),18,10,1,0,0,0.5555555555555556,0.05555555555555555,175424,1.75424,1182.0
2024,스몰굿,스몰굿,(주)사슴벌레,25,9,2,0,2,0.36,0.08,166518,1.66518,1026.3
2017,스무디킹,스무디킹(SMOOTHIEKING),스무디킹코리아(주),68,12,13,0,0,0.17647058823529413,0.19117647058823528,231770,2.3177,1371.6
2018,스무디킹,스무디킹(SMOOTHIEKING),스무디킹코리아(주),84,29,2,11,0,0.34523809523809523,0.15476190476190477,231311,2.31311,1478.2
2019,스무디킹,스무디킹(SMOOTHIEKING),스무디킹코리아(주),89,14,9,0,0,0.15730337078651685,0.10112359550561797,196001,1.96001,1360.1
2020,스무디킹,스무디킹(SMOOTHIEKING),스무디킹코리아(주),113,35,4,7,0,0.30973451327433627,0.09734513274336283,183189,1.83189,1316.6
2021,스무디킹,스무디킹(SMOOTHIEKING),스무디킹코리아(주),279,191,17,8,11,0.6845878136200717,0.08960573476702509,56894,0.56894,888.7
2022,스무디킹,스무디킹(SMOOTHIEKING),스무디킹코리아(주),299,37,11,5,10,0.12374581939799331,0.05351170568561873,36519,0.36519,926.9
2023,스무디킹,스무디킹(SMOOTHIEKING),스무디킹코리아(주),260,1,36,2,8,0.0038461538461538464,0.14615384615384616,41065,0.41065,978.0
2024,스무디킹,스무디킹(SMOOTHIEKING),스무디킹코리아(주),175,0,51,34,8,0.0,0.4857142857142857,58815,0.58815,1288.9
2021,스므으커피,스므으커피,(주)제이제이디,6,6,0,0,0,1.0,0.0,0,0.0,0.0
2022,스므으커피,스므으커피,(주)제이제이디,10,7,3,0,0,0.7,0.3,173342,1.73342,717.6
2023,스므으커피,스므으커피,(주)제이제이디,13,3,0,0,0,0.23076923076923078,0.0,81960,0.8196,371.8
2024,스위트1225,스위트1225,(주)아마릴리스,4,4,0,0,0,1.0,0.0,0,0.0,0.0
2022,스위트제로,스위트제로,스위트제로(SWEETZERO),7,3,0,0,0,0.42857142857142855,0.0,0,0.0,0.0
2024,스윗다이노,스윗다이노,㈜장수에프앤비,1,1,0,0,0,1.0,0.0,0,0.0,0.0
2023,스윗디저트카페루시카토,스윗디저트카페루시카토,(주)루시카토,3,3,0,0,0,1.0,0.0,150995,1.50995,664.4
2023,스컹크웍스,스컹크웍스,(주)스컹크웍스코리아,3,1,0,0,0,0.3333333333333333,0.0,617354,6.17354,817.8
2024,스컹크웍스,스컹크웍스,(주)스컹크웍스코리아,5,2,0,0,2,0.4,0.0,737880,7.3788,977.5
2024,스트렝스커피,스트렝스커피,스트렝스커피,3,3,0,0,0,1.0,0.0,0,0.0,0.0
2023,스트릿 1988,스트릿 1988,(주)케이스트릿,1,1,0,0,0,1.0,0.0,0,0.0,0.0
2024,스트릿 1988,스트릿 1988,(주)케이스트릿,30,30,1,0,3,1.0,0.03333333333333333,109834,1.09834,805.9
2024,스트릿캔,스트릿캔,스트릿컴퍼니,4,4,0,0,0,1.0,0.0,0,0.0,0.0
2022,스프링캔,스프링캔,마그네이트코리아,5,5,0,0,0,1.0,0.0,31406,0.31406,209.4
2023,스프링캔,스프링캔,마그네이트코리아,9,6,2,0,0,0.6666666666666666,0.2222222222222222,56304,0.56304,469.2
2017,슬립리스 인 시애틀,슬립리스 인 시애틀,(주)비토코리아,15,2,1,2,1,0.13333333333333333,0.2,0,0.0,0.0
2021,시나본,시나본(CINNABON),블루빈컴퍼니(주),15,6,0,16,0,0.4,1.0666666666666667,117063,1.17063,843.4
2022,시나본,시나본(CINNABON),블루빈컴퍼니(주),22,12,2,3,2,0.5454545454545454,0.22727272727272727,110218,1.10218,1041.8
2024,시나본,시나본(CINNABON),블루빈컴퍼니(주),16,4,8,0,0,0.25,0.5,280461,2.80461,1567.1
2023,시온담,시온담,농업회사법인공룡두루가(주),2,2,0,0,0,1.0,0.0,0,0.0,0.0
2024,시온담,시온담,농업회사법인공룡두루가(주),2,0,0,0,0,0.0,0.0,0,0.0,0.0
2021,시티카페,시티카페(CITTICAFFE),(주)씨티카페비엠에스점,1,1,0,0,0,1.0,0.0,0,0.0,0.0
2022,시티카페,시티카페(CITTICAFFE),(주)씨티카페비엠에스점,2,1,0,0,0,0.5,0.0,0,0.0,0.0
2023,시티카페,시티카페(CITTICAFFE),(주)씨티카페비엠에스점,1,0,0,1,0,0.0,1.0,0,0.0,0.0
2024,시티카페,시티카페(CITTICAFFE),(주)씨티카페비엠에스점,1,0,0,0,0,0.0,0.0,0,0.0,0.0
2017,심쿵다방,심쿵다방,청자홀딩스(주),1,1,0,0,0,1.0,0.0,0,0.0,0.0
2017,싼다방,싼다방,(주)육십오도씨,1,0,0,0,0,0.0,0.0,0,0.0,0.0
2018,싼다방,싼다방,(주)육십오도씨,2,0,0,0,0,0.0,0.0,0,0.0,0.0
2023,쌍도커피,쌍도커피,쌍도커피,3,3,0,0,0,1.0,0.0,0,0.0,0.0
2024,쌍도커피,쌍도커피,쌍도커피,4,1,0,0,1,0.25,0.0,0,0.0,0.0
2019,씨이십칠,씨이십칠(C27),(주)디앤지에프씨,2,0,0,0,0,0.0,0.0,0,0.0,0.0
2020,씨이십칠,씨이십칠(C27),(주)디앤지에프씨,2,0,0,0,0,0.0,0.0,0,0.0,0.0
2021,씨이십칠,씨이십칠(C27),(주)디앤지에프씨,2,0,0,0,0,0.0,0.0,0,0.0,0.0
2022,씨이십칠,씨이십칠(C27),(주)디앤지에프씨,2,0,0,0,0,0.0,0.0,0,0.0,0.0
2023,씨이십칠,씨이십칠(C27),(주)디앤지에프씨,4,3,0,1,0,0.75,0.25,0,0.0,0.0
2024,씨이십칠,씨이십칠(C27),㈜디앤지컴퍼니본,3,0,0,1,0,0.0,0.3333333333333333,462506,4.62506,731.2
2022,아덴블랑제리,아덴블랑제리,와이제이와이푸드(주),6,6,0,0,0,1.0,0.0,214343,2.14343,834.6
2023,아덴블랑제리,아덴블랑제리,와이제이와이푸드(주),25,20,0,1,2,0.8,0.04,231077,2.31077,1044.6
2024,아덴블랑제리,아덴블랑제리,와이제이와이푸드(주),42,20,0,3,1,0.47619047619047616,0.07142857142857142,209810,2.0981,911.0
2024,아덴블랑제리 시그니쳐,아덴블랑제리 시그니쳐,와이제이와이푸드(주),5,5,0,0,0,1.0,0.0,350750,3.5075,34.5
2024,아덴플러스,아덴플러스,와이제이와이푸드(주),3,3,0,0,0,1.0,0.0,0,0.0,0.0
2017,아로이커피,아로이커피(Aroicoffee),아로이,9,1,0,1,1,0.1111111111111111,0.1111111111111111,175312,1.75312,956.2
2018,아로이커피,아로이커피(Aroicoffee),아로이,9,0,0,0,2,0.0,0.0,164506,1.64506,768.4
2019,아로이커피,아로이커피(Aroicoffee),아로이,10,2,0,1,1,0.2,0.1,157127,1.57127,849.3
2017,아리스타,아리스타,(주)아리스타,58,1,0,1,0,0.017241379310344827,0.017241379310344827,220135,2.20135,3315.7
2018,아리스타,아리스타,(주)아리스타,57,1,9,0,3,0.017543859649122806,0.15789473684210525,220868,2.20868,2306.5
2019,아리스타,아리스타,(주)아리스타,61,7,3,0,8,0.11475409836065574,0.04918032786885246,222210,2.2221,2248.4
2020,아리스타,아리스타,(주)아리스타,48,2,15,0,3,0.041666666666666664,0.3125,161100,1.611,1740.6
2021,아리스타,아리스타,(주)아리스타,33,0,15,0,6,0.0,0.45454545454545453,148102,1.48102,1388.1
2022,아리스타,아리스타,(주)아리스타,27,0,6,0,0,0.0,0.2222222222222222,114874,1.14874,1123.6
2023,아리스타,아리스타,(주)아리스타,19,1,7,0,0,0.05263157894736842,0.3684210526315789,115408,1.15408,1233.2
2024,아리스타,아리스타,(주)아리스타,16,3,6,0,0,0.1875,0.375,180060,1.8006,1705.8
2017,아마떼,아마떼,(주)한국창업경제연구소,32,8,11,0,3,0.25,0.34375,101946,1.01946,355.9
2018,아마떼,아마떼,(주)한국창업경제연구소,31,7,9,0,0,0.22580645161290322,0.2903225806451613,191766,1.91766,631.7
2019,아마떼,아마떼,(주)한국창업경제연구소,26,6,10,0,2,0.23076923076923078,0.38461538461538464,155767,1.55767,432.4
2020,아마떼,아마떼,(주)한국창업경제연구소,24,1,3,0,0,0.041666666666666664,0.125,120554,1.20554,331.1
2021,아마떼,아마떼,(주)한국창업경제연구소,23,2,3,0,2,0.08695652173913043,0.13043478260869565,122653,1.22653,323.2
2022,아마떼,아마떼,(주)한국창업경제연구소,18,4,9,0,0,0.2222222222222222,0.5,115695,1.15695,257.4
2023,아마떼,아마떼,(주)한국창업경제연구소,17,1,2,0,0,0.058823529411764705,0.11764705882352941,117789,1.17789,288.8
2024,아마떼,아마떼,(주)한국창업경제연구소,16,2,2,0,0,0.125,0.125,168809,1.68809,547.0
2017,아마스빈,아마스빈,(주)비케이컴퍼니,43,7,0,5,4,0.16279069767441862,0.11627906976744186,125831,1.25831,876.9
2018,아마스빈,아마스빈,(주)비케이컴퍼니,49,8,0,2,0,0.16326530612244897,0.04081632653061224,157752,1.57752,1107.4
2019,아마스빈,아마스빈,(주)비케이컴퍼니,77,32,0,4,7,0.4155844155844156,0.05194805194805195,300037,3.00037,2271.2
2020,아마스빈,아마스빈,(주)비케이컴퍼니,125,48,0,0,4,0.384,0.0,403777,4.03777,3098.8
2021,아마스빈,아마스빈,(주)비케이컴퍼니,166,41,0,0,3,0.2469879518072289,0.0,196863,1.96863,1476.5
2022,아마스빈,아마스빈,(주)비케이컴퍼니,168,11,0,9,1,0.06547619047619048,0.05357142857142857,254936,2.54936,1869.5
2023,아마스빈,아마스빈,(주)비케이컴퍼니,164,8,0,12,8,0.04878048780487805,0.07317073170731707,155363,1.55363,1109.7
2024,아마스빈,아마스빈,(주)비케이컴퍼니,140,3,27,0,8,0.02142857142857143,0.19285714285714287,158792,1.58792,1128.0
2017,아마스빈코리아,아마스빈코리아,(주)스토어하우스,37,5,2,0,2,0.13513513513513514,0.05405405405405406,193116,1.93116,1694.4
2018,아마스빈코리아,아마스빈코리아,(주)스토어하우스,44,11,1,3,8,0.25,0.09090909090909091,190981,1.90981,1663.5
2019,아마스빈코리아,아마스빈코리아,(주)스토어하우스,51,8,1,0,5,0.1568627450980392,0.0196078431372549,346763,3.46763,3045.5
2020,아마스빈코리아,아마스빈코리아,(주)스토어하우스,67,20,4,0,0,0.29850746268656714,0.05970149253731343,425034,4.25034,3818.9
2021,아마스빈코리아,아마스빈코리아,(주)스토어하우스,79,18,6,0,1,0.22784810126582278,0.0759493670886076,198125,1.98125,1801.6
2022,아마스빈코리아,아마스빈코리아,(주)스토어하우스,86,11,4,0,2,0.12790697674418605,0.046511627906976744,183143,1.83143,1847.0
2023,아마스빈코리아,아마스빈코리아,(주)스토어하우스,84,9,11,0,2,0.10714285714285714,0.13095238095238096,178581,1.78581,1734.3
2024,아마스빈코리아,아마스빈코리아,(주)스토어하우스,72,6,18,0,4,0.08333333333333333,0.25,186811,1.86811,1596.7
2018,아멜라떼,아멜라떼,커피집,4,4,0,0,0,1.0,0.0,0,0.0,0.0
2019,아멜라떼,아멜라떼,(주)커피집,4,0,0,0,0,0.0,0.0,0,0.0,0.0
2020,아멜라떼,아멜라떼,(주)커피집,4,0,0,0,0,0.0,0.0,0,0.0,0.0
2021,아멜라떼,아멜라떼,(주)커피집,2,0,2,0,0,0.0,1.0,0,0.0,0.0
2022,아몽즈커피,아몽즈커피(A Mong Z),(주)꿈을실현하는사람들,3,3,0,0,0,1.0,0.0,0,0.0,0.0
2023,아몽즈커피,아몽즈커피(A Mong Z),(주)꿈을실현하는사람들,4,1,0,0,0,0.25,0.0,0,0.0,0.0
2024,아몽즈커피,아몽즈커피(A Mong Z),(주)꿈을실현하는사람들,11,8,0,1,2,0.7272727272727273,0.09090909090909091,74215,0.74215,689.6
2020,아비아채,아비아채,(주)만파식적,2,2,0,0,0,1.0,0.0,0,0.0,0.0
2021,아비아채,아비아채,(주)만파식적,2,0,0,0,0,0.0,0.0,0,0.0,0.0
2022,아비아채,아비아채,(주)만파식적,4,2,0,0,0,0.5,0.0,0,0.0,0.0
2023,아비아채,아비아채,(주)만파식적,4,0,0,0,0,0.0,0.0,0,0.0,0.0
2024,아비아채,아비아채,(주)만파식적,4,0,0,0,0,0.0,0.0,0,0.0,0.0
2022,아아수혈,아아수혈,수혈컴퍼니,8,8,0,0,1,1.0,0.0,246330,2.4633,2737.3
2023,아아수혈,아아수혈,수혈컴퍼니,8,1,1,0,1,0.125,0.125,222697,2.22697,2013.2
2024,아아수혈,아아수혈,수혈컴퍼니,7,2,3,0,1,0.2857142857142857,0.42857142857142855,182040,1.8204,1465.2
2020,아운,아운(āoon),(주)티에스커피,1,1,0,0,0,1.0,0.0,0,0.0,0.0
2021,아운,아운(āoon),(주)피플하우스,1,0,0,0,0,0.0,0.0,0,0.0,0.0
2018,아이스빌리지,아이스빌리지,(주)슈퍼오아시스,3,3,0,0,0,1.0,0.0,247845,2.47845,1085.6
2022,아이씨카페,아이씨카페,(주)디앤디컴퍼니대구경북,4,4,0,0,0,1.0,0.0,0,0.0,0.0
2024,아이에떼커피,아이에떼커피,(주)하정,4,4,0,0,0,1.0,0.0,234489,2.34489,1406.9
2022,아이캔커피,아이캔커피,두어컴퍼니,22,24,2,0,0,1.0909090909090908,0.09090909090909091,201581,2.01581,1782.3
2023,아이캔커피,아이캔커피,두어컴퍼니,26,5,1,0,3,0.19230769230769232,0.038461538461538464,200124,2.00124,1671.4
2024,아이캔커피,아이캔커피,두어컴퍼니,24,6,8,0,4,0.25,0.3333333333333333,251672,2.51672,1827.1
2022,아이홀릭커피,아이홀릭커피 (Iholic Coffee),모카컴퍼니,2,2,0,0,0,1.0,0.0,0,0.0,0.0
2023,아이홀릭커피,아이홀릭커피 (Iholic Coffee),모카컴퍼니,2,0,0,0,0,0.0,0.0,0,0.0,0.0
2024,아임국민커피,아임국민커피,아임국민커피,1,1,0,0,0,1.0,0.0,0,0.0,0.0
2019,아임일리터,아임일리터,㈜아임일리터,22,14,0,0,0,0.6363636363636364,0.0,188271,1.88271,1018.2
2020,아임일리터,아임일리터,㈜아임일리터,40,18,0,0,8,0.45,0.0,266211,2.66211,847.9
2021,아임일리터,아임일리터,㈜아임일리터,52,12,0,0,5,0.23076923076923078,0.0,240909,2.40909,840.5
2022,아임일리터,아임일리터,㈜아임일리터,62,14,4,0,5,0.22580645161290322,0.06451612903225806,235303,2.35303,867.9
2023,아임일리터,아임일리터,㈜아임일리터,76,16,2,0,8,0.21052631578947367,0.02631578947368421,214849,2.14849,837.2
2024,아임일리터,아임일리터,㈜아임일리터,78,8,6,0,6,0.10256410256410256,0.07692307692307693,227311,2.27311,907.3
2019,아임홈,아임홈,(주)아임홈팩토리,9,9,0,0,0,1.0,0.0,255291,2.55291,1020.3
2024,아재커피,아재커피,아재커피,4,1,0,0,0,0.25,0.0,166816,1.66816,1446.3
2021,아키라커피,아키라커피,(주)아키라커피코리아,3,3,0,0,0,1.0,0.0,0,0.0,0.0
2024,아토커피,아토커피,(주)유엔유,10,4,0,0,1,0.4,0.0,395675,3.95675,2886.2
2020,아틀리에빈,아틀리에빈,아틀리에빈(주),44,9,0,0,11,0.20454545454545456,0.0,175243,1.75243,490.4
2021,아틀리에빈,아틀리에빈,아틀리에빈(주),41,2,5,0,8,0.04878048780487805,0.12195121951219512,132798,1.32798,345.5
2022,아틀리에빈,아틀리에빈,아틀리에빈(주),35,1,7,0,5,0.02857142857142857,0.2,121139,1.21139,287.3
2023,아틀리에빈,아틀리에빈,(주)서이컴퍼니,23,0,12,0,2,0.0,0.5217391304347826,128676,1.28676,302.1
2024,아틀리에빈,아틀리에빈,(주)서이컴퍼니,18,0,0,5,3,0.0,0.2777777777777778,97977,0.97977,205.4
2023,아티클,아티클(ARTICLE),(주)언노운로스터스,3,3,0,0,0,1.0,0.0,0,0.0,0.0
2018,아프리카커피초콜릿,아프리카커피초콜릿,(주)아프리카커피가게앤학원,4,1,0,0,0,0.25,0.0,0,0.0,0.0
2019,아프리카커피초콜릿,아프리카커피초콜릿,(주)아프리카커피가게앤학원,6,2,0,0,0,0.3333333333333333,0.0,132000,1.32,440.0
2020,아프리카커피초콜릿,아프리카커피초콜릿,(주)아프리카커피가게앤학원,9,3,0,0,0,0.3333333333333333,0.0,101177,1.01177,305.5
2021,아프리카커피초콜릿,아프리카커피초콜릿,(주)아프리카커피가게앤학원,9,0,0,0,1,0.0,0.0,63974,0.63974,193.2
2022,아프리카커피초콜릿,아프리카커피초콜릿,(주)아프리카커피가게앤학원,9,0,0,0,1,0.0,0.0,73687,0.73687,222.5
2023,아프리카커피초콜릿,아프리카커피초콜릿,(주)아프리카커피가게앤학원,9,0,0,0,1,0.0,0.0,76296,0.76296,230.4
2024,아프리카커피초콜릿,아프리카커피초콜릿,(주)아프리카커피가게앤학원,7,0,2,0,0,0.0,0.2857142857142857,88044,0.88044,228.2
2018,아필코,아필코(APILCO),에이피씨(주),1,1,0,0,0,1.0,0.0,0,0.0,0.0
2019,아필코,아필코(APILCO),에이피씨(주),2,1,0,0,0,0.5,0.0,0,0.0,0.0
2020,아필코,아필코(APILCO),에이피씨(주),4,2,0,0,0,0.5,0.0,472542,4.72542,628.7
2021,아필코,아필코(APILCO),에이피씨(주),4,0,0,0,0,0.0,0.0,380858,3.80858,506.7
2022,아필코,아필코(APILCO),에이피씨(주),7,3,0,0,0,0.42857142857142855,0.0,375181,3.75181,563.2
2023,아필코,아필코(APILCO),에이피씨(주),7,1,0,1,0,0.14285714285714285,0.14285714285714285,578720,5.7872,894.2
2024,아필코,아필코(APILCO),에이피씨(주),5,0,2,0,0,0.0,0.4,434882,4.34882,704.9
2021,알리바바,알리바바(ALIBABA),알리바바파트너스(주),55,25,6,0,1,0.45454545454545453,0.10909090909090909,64556,0.64556,346.7
2022,알리바바,알리바바(ALIBABA),알리바바파트너스(주),60,20,15,0,1,0.3333333333333333,0.25,66377,0.66377,279.5
2023,알리바바,알리바바(ALIBABA),알리바바파트너스(주),38,2,23,1,2,0.05263157894736842,0.631578947368421,68454,0.68454,259.1
2024,알리바바,알리바바(ALIBABA),알리바바파트너스(주),27,1,10,2,2,0.037037037037037035,0.4444444444444444,78697,0.78697,866.2
2020,알리바바카페,알리바바카페(ALIBABA CAFE),알리바바파트너스(주),36,16,12,0,4,0.4444444444444444,0.3333333333333333,66184,0.66184,455.2
2017,알리바바카페앤도넛,알리바바카페앤도넛,알리바바파트너스(주),11,11,0,0,0,1.0,0.0,0,0.0,0.0
2018,알리바바커피앤도넛,알리바바커피앤도넛,알리바바파트너스(주),29,22,4,0,1,0.7586206896551724,0.13793103448275862,0,0.0,0.0
2019,알리바바커피앤도넛,알리바바커피앤도넛,알리바바파트너스(주),32,10,6,1,4,0.3125,0.21875,53146,0.53146,352.2
2017,애니데이,애니데이,애니데이,9,2,2,0,2,0.2222222222222222,0.2222222222222222,0,0.0,0.0
2018,애니데이,애니데이,애니데이,9,0,0,0,0,0.0,0.0,0,0.0,0.0
2019,애니데이,애니데이,애니데이,5,0,4,0,0,0.0,0.8,83750,0.8375,821.0
2020,애니데이,애니데이,애니데이,4,0,0,1,1,0.0,0.25,0,0.0,0.0
2024,애월더선셋,애월더선셋,(주)애월에프앤비,1,1,0,0,0,1.0,0.0,0,0.0,0.0
2017,앤더스커피,앤더스커피(anduscoffee),(주)에스엠홀딩스,2,1,3,0,0,0.5,1.5,0,0.0,0.0
2018,앤더스커피,앤더스커피(anduscoffee),(주)에스엠홀딩스,1,0,1,0,0,0.0,1.0,0,0.0,0.0
2019,앤더스커피,앤더스커피(anduscoffee),(주)에스엠홀딩스,2,1,0,0,0,0.5,0.0,0,0.0,0.0
2020,앤더스커피,앤더스커피(anduscoffee),(주)에스엠홀딩스,2,0,0,0,0,0.0,0.0,0,0.0,0.0
2021,앤더스커피,앤더스커피(anduscoffee),(주)에스엠홀딩스,2,0,0,0,0,0.0,0.0,0,0.0,0.0
2022,앤더스커피,앤더스커피(anduscoffee),(주)에스엠홀딩스,3,1,0,0,0,0.3333333333333333,0.0,0,0.0,0.0
2023,앤더스커피,앤더스커피(anduscoffee),(주)에스엠홀딩스,2,0,1,0,0,0.0,0.5,0,0.0,0.0
2024,앤더스커피,앤더스커피(anduscoffee),(주)에스엠홀딩스,2,0,0,0,0,0.0,0.0,179905,1.79905,6048.8
2024,앨리스도넛,앨리스도넛,(주)아토에프앤비,1,0,0,0,0,0.0,0.0,0,0.0,0.0
2022,야한다방,야한다방,야한식당,1,1,0,0,0,1.0,0.0,0,0.0,0.0
2024,어니스트,어니스트(Honest),(주)어니스트로스터스,3,3,0,0,0,1.0,0.0,0,0.0,0.0
2018,어벤더치커피,어벤더치커피,(주)카페폴인,14,14,0,0,0,1.0,0.0,0,0.0,0.0
2019,어벤더치커피,어벤더치커피,(주)카페폴인,37,23,0,0,0,0.6216216216216216,0.0,0,0.0,0.0
2020,어벤더치커피,어벤더치커피,(주)카페폴인,45,9,1,0,0,0.2,0.022222222222222223,195280,1.9528,1243.8
2021,어벤더치커피,어벤더치커피,(주)카페폴인,69,26,2,0,0,0.37681159420289856,0.028985507246376812,134042,1.34042,951.4
2022,어벤더치커피,어벤더치커피,(주)카페폴인,61,5,13,0,1,0.08196721311475409,0.21311475409836064,183578,1.83578,1392.2
2023,어벤더치커피,어벤더치커피,(주)카페폴인,53,3,1,10,7,0.05660377358490566,0.20754716981132076,175634,1.75634,1333.3
2024,어벤더치커피,어벤더치커피,(주)카페폴인,43,2,0,12,3,0.046511627906976744,0.27906976744186046,161748,1.61748,1323.7
2022,어보브,어보브(ABOVE),어보브(ABOVE),3,3,0,0,0,1.0,0.0,0,0.0,0.0
2023,어보브,어보브(ABOVE),어보브(ABOVE),3,0,0,0,2,0.0,0.0,118895,1.18895,401.4
2024,어보브,어보브(ABOVE),어보브(ABOVE),3,0,0,0,2,0.0,0.0,113575,1.13575,383.4
2022,어오케이커피,어오케이커피(A.OK COFFEE),(주)어오케이컴퍼니,4,4,0,0,0,1.0,0.0,0,0.0,0.0
2023,어오케이커피,어오케이커피(A.OK COFFEE),(주)어오케이컴퍼니,10,6,0,0,0,0.6,0.0,209396,2.09396,1921.1
2024,어오케이커피,어오케이커피(A.OK COFFEE),(주)어오케이컴퍼니,15,6,0,1,0,0.4,0.06666666666666667,149509,1.49509,1211.3
2017,언노운커피,언노운커피,(주)언노운핸즈,10,2,1,1,0,0.2,0.2,129173,1.29173,1722.5
2024,언더스탠딩,언더스탠딩,언더스탠딩(UNDERSTANDING),1,0,0,0,0,0.0,0.0,0,0.0,0.0
2023,언더커피,언더커피(under coffee),언더커피,1,1,0,0,0,1.0,0.0,0,0.0,0.0
2021,언택트카페무,언택트카페무,(주)엠에스앤아이,1,1,0,0,0,1.0,0.0,2000,0.02,28.5
2024,에딕티,에딕티(Addictea),(주)에딕티코리아,1,1,0,0,0,1.0,0.0,0,0.0,0.0
2024,에센스커피,에센스커피,(주)에센스커피,11,11,0,0,0,1.0,0.0,258208,2.58208,1871.0
2024,에스이커피,에스이커피(SE COFFEE),에스이커피,3,2,0,0,0,0.6666666666666666,0.0,238939,2.38939,1603.6
2021,에슬로우 커피,에슬로우 커피(ESLOW COFFEE),(주)에슬로우,26,9,3,0,2,0.34615384615384615,0.11538461538461539,136162,1.36162,1168.9
2017,에슬로우커피,에슬로우커피(ESLOW COFFEE),(주)에슬로우,13,4,0,0,0,0.3076923076923077,0.0,136081,1.36081,1124.8
2018,에슬로우커피,에슬로우커피(ESLOW COFFEE),(주)에슬로우,17,6,2,0,0,0.35294117647058826,0.11764705882352941,135926,1.35926,1390.6
2019,에슬로우커피,에슬로우커피(ESLOW COFFEE),(주)에슬로우,18,3,2,0,1,0.16666666666666666,0.1111111111111111,185610,1.8561,1614.8
2020,에슬로우커피,에슬로우커피(ESLOW COFFEE),(주)에슬로우,23,7,2,0,5,0.30434782608695654,0.08695652173913043,225477,2.25477,1386.4
2023,에슬로우커피,에슬로우커피 (ESLOW COFFEE),(주)에슬로우,33,5,1,0,1,0.15151515151515152,0.030303030303030304,151962,1.51962,1235.5
2024,에슬로우커피,에슬로우커피 (ESLOW COFFEE),(주)에슬로우,26,1,8,0,2,0.038461538461538464,0.3076923076923077,188899,1.88899,1534.3
2017,에이그레이트카페,에이그레이트카페,(주)슈퍼오아시스,13,2,4,0,1,0.15384615384615385,0.3076923076923077,241243,2.41243,1347.5
2018,에이그레이트카페,에이그레이트카페,(주)슈퍼오아시스,17,4,0,0,2,0.23529411764705882,0.0,223221,2.23221,1073.3
2022,에이그레이트카페,에이그레이트카페,(주)에이그레이트,15,15,0,0,0,1.0,0.0,173971,1.73971,2439.5
2023,에이그레이트카페,에이그레이트카페,(주)에이그레이트,14,2,3,0,1,0.14285714285714285,0.21428571428571427,143647,1.43647,1968.8
2024,에이그레이트카페,에이그레이트카페,(주)판앤코,10,1,5,0,1,0.1,0.5,154157,1.54157,1919.7
2017,에이미스커피,에이미스커피(Amy&#39;s Coffee),(주)에이미스코리아,16,4,3,0,0,0.25,0.1875,90360,0.9036,581.3
2018,에이미스커피,에이미스커피(Amy&#39;s Coffee),(주)에이미스코리아,15,2,4,0,0,0.13333333333333333,0.26666666666666666,96338,0.96338,604.0
2019,에이미스커피,에이미스커피(Amy&#39;s Coffee),(주)에이미스코리아,14,0,0,1,2,0.0,0.07142857142857142,102905,1.02905,644.7
2018,에이바우트커피,에이바우트커피,㈜메이크어베러(Makeabetter),3,3,0,0,0,1.0,0.0,0,0.0,0.0
2019,에이바우트커피,에이바우트커피,㈜메이크어베러(Makeabetter),9,4,0,0,0,0.4444444444444444,0.0,603119,6.03119,596.9
2020,에이바우트커피,에이바우트커피,㈜메이크어베러(Makeabetter),26,17,0,0,1,0.6538461538461539,0.0,634916,6.34916,660.9
2021,에이바우트커피,에이바우트커피,㈜메이크어베러(Makeabetter),42,17,1,0,1,0.40476190476190477,0.023809523809523808,422428,4.22428,463.7
2022,에이바우트커피,에이바우트커피,㈜메이크어베러(Makeabetter),53,13,2,0,0,0.24528301886792453,0.03773584905660377,355944,3.55944,361.3
2023,에이바우트커피,에이바우트커피,㈜메이크어베러(Makeabetter),50,4,7,0,4,0.08,0.14,322566,3.22566,340.4
2024,에이바우트커피,에이바우트커피,㈜메이크어베러(Makeabetter),51,7,6,0,2,0.13725490196078433,0.11764705882352941,368597,3.68597,385.9
2018,에이쓰리바우트 커피,에이쓰리바우트 커피(A3bout coffee),(주)에이쓰리바우트커피,5,5,0,0,0,1.0,0.0,0,0.0,0.0
2019,에이쓰리바우트 커피,에이쓰리바우트 커피(A3bout coffee),(주)에이쓰리바우트커피,5,1,1,0,0,0.2,0.2,0,0.0,0.0
2020,에이쓰리바우트커피,에이쓰리바우트커피,(주)에이쓰리바우트커피,5,0,0,0,0,0.0,0.0,0,0.0,0.0
2021,에이쓰리바우트커피,에이쓰리바우트커피,(주)에이쓰리바우트커피,4,0,1,0,0,0.0,0.25,91800,0.918,296.1
2023,에이쓰리바우트커피,에이쓰리바우트커피,(주)에이쓰리바우트커피,2,0,0,0,0,0.0,0.0,0,0.0,0.0
2024,에이쓰리바우트커피,에이쓰리바우트커피,(주)에이쓰리바우트커피,1,0,1,0,0,0.0,1.0,0,0.0,0.0
2017,에이치 티,에이치 티(H TEA),(주)지웍스컴퍼니,2,2,0,0,0,1.0,0.0,0,0.0,0.0
2017,엑소엑소핫도그앤커피,엑소엑소핫도그앤커피,(주)세컨드찬스,124,126,2,0,4,1.0161290322580645,0.016129032258064516,40935,0.40935,45.9
2018,엑소엑소핫도그앤커피,엑소엑소핫도그앤커피,(주)세컨드찬스,168,48,0,4,14,0.2857142857142857,0.023809523809523808,47549,0.47549,42.0
2019,엑소엑소핫도그앤커피,엑소엑소핫도그앤커피,(주)세컨드찬스,159,2,11,0,14,0.012578616352201259,0.06918238993710692,22521,0.22521,19.5
2020,엑소엑소핫도그앤커피,엑소엑소핫도그앤커피,(주)세컨드찬스,145,0,14,0,24,0.0,0.09655172413793103,54624,0.54624,46.9
2022,엑스엑스 커피메이커,엑스엑스 커피메이커,(주)엑스엑스,1,1,0,0,0,1.0,0.0,0,0.0,0.0
2023,엑스엑스 커피메이커,엑스엑스 커피메이커,(주)엑스엑스,5,4,0,0,0,0.8,0.0,97084,0.97084,746.8
2024,엑스엑스 커피메이커,엑스엑스 커피메이커,(주)엑스엑스,10,6,1,0,0,0.6,0.1,176533,1.76533,1544.7
2021,엑스오엑스오 핫도그앤커피,엑스오엑스오 핫도그앤커피,(주)메가쓰리팝,128,0,17,0,9,0.0,0.1328125,34789,0.34789,35.3
2022,엑스오엑스오 핫도그앤커피,엑스오엑스오 핫도그앤커피,(주)메가쓰리팝,120,0,0,8,13,0.0,0.06666666666666667,36930,0.3693,35.6
2017,엔제리너스,엔제리너스(Angel-in-us Coffee),롯데지알에스(주),744,34,91,12,96,0.0456989247311828,0.13844086021505375,307537,3.07537,610.0
2018,엔제리너스,엔제리너스(Angel-in-us Coffee),롯데지알에스(주),647,26,89,34,64,0.0401854714064915,0.1901081916537867,285963,2.85963,545.8
2019,엔제리너스,엔제리너스,롯데지알에스(주),554,31,72,52,60,0.05595667870036101,0.22382671480144403,282548,2.82548,536.7
2020,엔제리너스,엔제리너스,롯데지알에스(주),483,19,2,88,33,0.039337474120082816,0.18633540372670807,280561,2.80561,1606.7
2021,엔제리너스,엔제리너스,롯데지알에스(주),428,16,2,69,52,0.037383177570093455,0.1658878504672897,269134,2.69134,3119.0
2022,엔제리너스,엔제리너스,롯데지알에스(주),373,8,0,63,19,0.021447721179624665,0.16890080428954424,186754,1.86754,480.6
2024,엔제리너스,엔제리너스,롯데지알에스(주),302,5,0,38,11,0.016556291390728478,0.12582781456953643,276161,2.76161,481.2
2018,엘아르카,엘아르카,엘아르카,6,6,0,0,0,1.0,0.0,65051,0.65051,508.2
2019,엘아르카,엘아르카,엘아르카,8,2,0,0,1,0.25,0.0,72568,0.72568,331.7
2020,엘아르카,엘아르카,엘아르카,9,1,0,0,0,0.1111111111111111,0.0,74775,0.74775,343.3
2021,엘아르카,엘아르카,엘아르카,12,4,0,1,2,0.3333333333333333,0.08333333333333333,74696,0.74696,218.8
2022,엘아르카,엘아르카,엘아르카,12,2,0,2,0,0.16666666666666666,0.16666666666666666,63766,0.63766,177.6
2023,엘아르카,엘아르카,엘아르카,11,2,1,2,1,0.18181818181818182,0.2727272727272727,128555,1.28555,734.0
2024,엘아르카,엘아르카,엘아르카,11,0,0,0,1,0.0,0.0,133461,1.33461,775.4
2023,엠머그링,엠머그링,(주)제이제이컴바인,2,2,4,0,0,1.0,2.0,0,0.0,0.0
2024,엠머그링,엠머그링,(주)제이제이컴바인,4,2,0,0,1,0.5,0.0,0,0.0,0.0
2022,엠버스커피,엠버스커피(Embers coffee),(주)최배달,1,1,0,0,0,1.0,0.0,0,0.0,0.0
2023,엠버스커피,엠버스커피(Embers coffee),(주)최배달,1,0,0,0,0,0.0,0.0,0,0.0,0.0
2017,여자커피,여자커피,주식회사 라플란드,4,4,0,0,0,1.0,0.0,0,0.0,0.0
2018,연운당,연운당,(주)남쪽나라,6,6,0,0,0,1.0,0.0,201366,2.01366,1122.7
2022,영다방,영다방,(주)와이엠상사,4,4,0,0,0,1.0,0.0,0,0.0,0.0
2024,영다방,영다방,(주)와이엠상사,3,0,1,0,0,0.0,0.3333333333333333,92500,0.925,1221.0
2020,영커피,영커피,(주)영투게더컴퍼니,1,1,0,0,0,1.0,0.0,0,0.0,0.0
2022,영커피,영커피,(주)영투게더컴퍼니,11,7,0,0,0,0.6363636363636364,0.0,192598,1.92598,1442.1
2023,영커피,영커피,(주)영투게더컴퍼니,31,22,0,2,1,0.7096774193548387,0.06451612903225806,207962,2.07962,1164.9
2024,영커피,영커피,(주)영투게더컴퍼니,47,19,3,0,5,0.40425531914893614,0.06382978723404255,204798,2.04798,1436.7
2023,옐로우팜,옐로우팜(YELLOW FARM),옐로우팜,5,2,0,0,1,0.4,0.0,136424,1.36424,531.2
2024,옐로우팜,옐로우팜(YELLOW FARM),옐로우팜,3,0,2,0,1,0.0,0.6666666666666666,113668,1.13668,416.8
2024,오! 커피랩,오! 커피랩,(주)에스앤큐플러스,1,1,0,0,0,1.0,0.0,0,0.0,0.0
2017,오가다,오가다,(주)오가다,60,28,12,0,0,0.4666666666666667,0.2,167861,1.67861,618.0
2018,오가다,오가다,(주)오가다,80,27,7,0,2,0.3375,0.0875,146491,1.46491,497.4
2019,오가다,오가다,(주)오가다,91,21,10,0,7,0.23076923076923078,0.10989010989010989,128873,1.28873,430.1
2020,오가다,오가다,(주)오가다,91,19,11,8,5,0.2087912087912088,0.2087912087912088,119266,1.19266,441.4
2021,오가다,오가다,(주)오가다,82,13,6,16,5,0.15853658536585366,0.2682926829268293,83084,0.83084,388.5
2022,오가다,오가다,(주)오가다,54,2,24,6,2,0.037037037037037035,0.5555555555555556,87702,0.87702,364.6
2023,오가다,오가다,(주)오가다,40,3,7,10,1,0.075,0.425,127720,1.2772,541.0
2024,오가다,오가다,(주)오가다,33,0,4,3,1,0.0,0.21212121212121213,134006,1.34006,571.1
2020,"오늘도, 카페일리터","오늘도, 카페일리터",카페일리터,38,37,0,0,1,0.9736842105263158,0.0,117478,1.17478,1095.6
2021,"오늘도, 카페일리터","오늘도, 카페일리터",카페일리터,54,21,5,0,2,0.3888888888888889,0.09259259259259259,136410,1.3641,1254.7
2022,"오늘도, 카페일리터","오늘도, 카페일리터",카페일리터,60,15,3,6,11,0.25,0.15,216760,2.1676,1995.4
2023,오늘도빙수,오늘도빙수,오늘도빙수본점,10,7,0,0,0,0.7,0.0,0,0.0,0.0
2024,오늘도빙수,오늘도빙수,오늘도빙수본점,19,11,1,1,2,0.5789473684210527,0.10526315789473684,208600,2.086,1454.1
2017,오드리헵번카페티엠,오드리헵번카페티엠(TM),(주)바인인터내셔날,19,4,7,0,1,0.21052631578947367,0.3684210526315789,126016,1.26016,383.0
2018,오드리헵번카페티엠,오드리헵번카페티엠(TM),(주)바인인터내셔날,16,1,4,0,1,0.0625,0.25,118926,1.18926,382.0
2023,오또도넛,오또도넛,오또도넛,1,0,0,0,0,0.0,0.0,0,0.0,0.0
2024,오또도넛,오또도넛,오또도넛,2,1,0,0,0,0.5,0.0,0,0.0,0.0
2022,오슬랑,오슬랑,(주)고구려에프앤비,8,8,0,0,0,1.0,0.0,134688,1.34688,1204.5
2023,오슬랑 커피,오슬랑 커피,(주)고구려에프앤비,12,4,0,0,3,0.3333333333333333,0.0,151269,1.51269,1211.2
2024,오슬랑 커피,오슬랑 커피,(주)고구려에프앤비,19,9,1,1,0,0.47368421052631576,0.10526315789473684,186539,1.86539,1431.6
2021,오슬로우,오슬로우(OHSLOW),(주)에스씨에스에프앤비,14,7,0,0,0,0.5,0.0,133442,1.33442,1061.5
2023,오슬로우,오슬로우(OHSLOW),(주)에스씨에스에프앤비,29,12,5,2,1,0.41379310344827586,0.2413793103448276,114564,1.14564,860.2
2024,오슬로우,오슬로우(OHSLOW),(주)에스씨에스에프앤비,31,8,6,0,3,0.25806451612903225,0.1935483870967742,121934,1.21934,828.6
2022,오제뉴어리,오제뉴어리(O January),오제뉴어리,1,1,0,0,0,1.0,0.0,0,0.0,0.0
2021,오토카페,오토카페 (AUTO CAFE),오토카페(AUTOCAFE),2,2,0,0,0,1.0,0.0,0,0.0,0.0
2024,오페라빈 에스프레소바,오페라빈 에스프레소바,㈜혜명에프앤비,4,4,0,0,0,1.0,0.0,196315,1.96315,1455.8
2024,오프커피,오프커피,(주)에이치제이에이치코리아,1,1,0,0,0,1.0,0.0,99386,0.99386,764.5
2021,온리비커피,온리비커피(Only B COFFEE),(주)온리비컴퍼니,3,3,0,0,0,1.0,0.0,0,0.0,0.0
2022,온리비커피,온리비커피(Only B COFFEE),(주)온리비컴퍼니,4,1,0,0,0,0.25,0.0,0,0.0,0.0
2023,온리비커피,온리비커피(Only B COFFEE),(주)온리비컴퍼니,9,8,1,2,0,0.8888888888888888,0.3333333333333333,174571,1.74571,1139.2
2024,온선데이커피,온선데이커피,(주)엔피엔에프,1,1,0,0,0,1.0,0.0,0,0.0,0.0
2023,올더타임,올더타임,(주)비엔,6,6,0,0,0,1.0,0.0,256583,2.56583,2405.4
2023,올디스커피 ALL THIS COFFEE,올디스커피 ALL THIS COFFEE,(주)올디스에프엔비,2,1,0,0,0,0.5,0.0,176757,1.76757,1262.0
2022,올리버브라운 카페,올리버브라운 카페,(주)올리버브라운코리아,4,1,0,0,0,0.25,0.0,156581,1.56581,432.4
2024,올리버브라운 카페,올리버브라운 카페,(주)올리버브라운코리아,5,0,1,0,0,0.0,0.2,187467,1.87467,476.7
2017,올리버브라운카페,올리버브라운카페,(주)올리버브라운코리아,4,2,0,0,0,0.5,0.0,8552,0.08552,25.1
2018,올리버브라운카페,올리버브라운카페,(주)올리버브라운코리아,3,1,0,2,0,0.3333333333333333,0.6666666666666666,115928,1.15928,493.8
2019,올리버브라운카페,올리버브라운카페,(주)올리버브라운코리아,2,0,0,1,0,0.0,0.5,163037,1.63037,519.5
2021,올리버브라운카페,올리버브라운카페,(주)올리버브라운코리아,3,1,0,0,0,0.3333333333333333,0.0,61599,0.61599,197.4
2022,올리터,올리터,올리터카페&디저트프랜차이즈,7,7,0,0,0,1.0,0.0,0,0.0,0.0
2023,올리터,올리터,그래컴퍼니,11,5,1,0,0,0.45454545454545453,0.09090909090909091,117501,1.17501,863.8
2024,올리터,올리터,그래컴퍼니,12,4,0,3,2,0.3333333333333333,0.25,112265,1.12265,794.1
2017,올어바웃차,올어바웃차(ALL ABOUT CHA),(주)올어바웃,2,0,0,2,0,0.0,1.0,0,0.0,0.0
2018,올어바웃차,올어바웃차(ALL ABOUT CHA),(주)올어바웃,2,0,0,0,0,0.0,0.0,0,0.0,0.0
2017,올어바웃카페,올어바웃카페,(주)올어바웃,4,0,0,1,0,0.0,0.25,0,0.0,0.0
2018,올어바웃카페,올어바웃카페,(주)올어바웃,2,0,2,0,0,0.0,1.0,0,0.0,0.0
2024,올차,올차,(주)케이푸드아이엔지,25,0,0,0,0,0.0,0.0,0,0.0,0.0
2022,와드WAD,와드WAD,(주)돌우물,1,1,0,0,0,1.0,0.0,0,0.0,0.0
2023,와드커피,와드커피(WAD COFFEE),(주)돌우물,8,8,0,1,0,1.0,0.125,0,0.0,0.0
2024,와드커피,와드커피(WAD COFFEE),(주)돌우물,34,26,0,0,0,0.7647058823529411,0.0,125550,1.2555,1101.7
2017,와리터,와리터(waliter),(주)카페리터에프앤씨,3,5,0,2,0,1.6666666666666667,0.6666666666666666,0,0.0,0.0
2022,와커피,와커피 (WA’ COFFEE),(주)정철,3,3,0,0,0,1.0,0.0,0,0.0,0.0
2023,와커피,와커피 (WA’ COFFEE),(주)정철,9,6,0,0,0,0.6666666666666666,0.0,104009,1.04009,813.7
2024,와커피,와커피 (WA’ COFFEE),(주)정철,10,3,2,0,0,0.3,0.2,102277,1.02277,769.7
2017,와타빈,와타빈(WATABEAN),와타빈,5,0,1,0,0,0.0,0.2,0,0.0,0.0
2022,왓커피,왓커피,왓컴퍼니,8,5,0,0,0,0.625,0.0,152194,1.52194,803.6
2023,왓커피,왓커피,왓컴퍼니,13,7,1,1,0,0.5384615384615384,0.15384615384615385,176292,1.76292,1049.3
2024,왓커피,왓커피,왓컴퍼니,17,6,0,2,0,0.35294117647058826,0.11764705882352941,193874,1.93874,987.3
2018,요거트맨,요거트맨,컴퍼니맨(주),6,6,0,0,0,1.0,0.0,0,0.0,0.0
2019,요거트맨,요거트맨,컴퍼니맨(주),4,0,2,0,0,0.0,0.5,0,0.0,0.0
2020,요거트맨,요거트맨,컴퍼니맨(주),6,3,1,0,0,0.5,0.16666666666666666,25886,0.25886,287.6
2021,요거트맨,요거트맨,컴퍼니맨(주),9,4,1,0,0,0.4444444444444444,0.1111111111111111,91249,0.91249,960.5
2022,요거트맨,요거트맨,컴퍼니맨(주),11,5,1,2,0,0.45454545454545453,0.2727272727272727,172777,1.72777,1851.1
2023,요거트맨,요거트맨,컴퍼니맨(주),13,3,1,0,4,0.23076923076923078,0.07692307692307693,143333,1.43333,1563.6
2024,요거트맨,요거트맨,컴퍼니맨(주),9,0,4,0,1,0.0,0.4444444444444444,270000,2.7,2670.3
2023,요거트판다,요거트판다,오제뉴어리,1,1,0,0,0,1.0,0.0,0,0.0,0.0
2024,요거팡 YogurPang,요거팡 YogurPang,요거팡,4,4,0,0,0,1.0,0.0,164277,1.64277,1301.0
2017,요거프레소,요거프레소,(주)요거프레소,792,137,36,77,91,0.17297979797979798,0.14267676767676768,105510,1.0551,696.3
2018,요거프레소,요거프레소,(주)요거프레소,755,93,26,104,80,0.12317880794701987,0.17218543046357615,99922,0.99922,639.5
2019,요거프레소,요거프레소,(주)요거프레소,705,85,29,103,62,0.12056737588652482,0.18723404255319148,103865,1.03865,720.3
2020,요거프레소,요거프레소,(주)요거프레소,656,43,11,81,78,0.06554878048780488,0.1402439024390244,107997,1.07997,651.1
2021,요거프레소,요거프레소,(주)요거프레소,601,42,0,97,7,0.06988352745424292,0.16139767054908485,88933,0.88933,520.7
2022,요거프레소,요거프레소,(주)현진홀딩스,541,29,0,89,7,0.053604436229205174,0.1645101663585952,77230,0.7723,524.4
2023,요거프레소,요거프레소,(주)현진홀딩스,439,9,0,95,34,0.02050113895216401,0.2164009111617312,77744,0.77744,471.0
2024,요거프레소,요거프레소,(주)현진홀딩스,348,3,0,108,30,0.008620689655172414,0.3103448275862069,79332,0.79332,463.4
2024,요커,요커,요커,22,22,0,0,0,1.0,0.0,119160,1.1916,1290.6
2022,욤카페,욤카페,욤(Yom),3,3,0,0,0,1.0,0.0,0,0.0,0.0
2023,욤카페,욤카페,욤(Yom),12,9,2,0,1,0.75,0.16666666666666666,0,0.0,0.0
2024,우아한과일,우아한과일,(유)프루칸,2,0,0,0,0,0.0,0.0,309197,3.09197,1579.2
2024,우주곰커피,우주곰커피,우주곰커피제이엠에프,5,4,0,0,0,0.8,0.0,175993,1.75993,3142.7
2020,우주라이크,우주라이크(WOULDULIKE),(주)우주에프앤디,108,41,2,7,2,0.37962962962962965,0.08333333333333333,98065,0.98065,787.7
2021,우주라이크,우주라이크(WOULDULIKE),(주)우주에프앤디,123,43,11,15,1,0.34959349593495936,0.21138211382113822,92984,0.92984,737.7
2022,우주라이크,우주라이크(WOULDULIKE),(주)우주에프앤디,129,27,8,12,3,0.20930232558139536,0.15503875968992248,84672,0.84672,672.8
2023,우주라이크,우주라이크(WOULDULIKE),(주)우주에프앤디,114,18,8,23,7,0.15789473684210525,0.2719298245614035,75612,0.75612,542.2
2024,우주라이크,우주라이크(WOULDULIKE),키스톤에프앤비(주),79,1,32,0,12,0.012658227848101266,0.4050632911392405,74715,0.74715,524.7
2018,우주라이크앤,우주라이크앤,(주)우주에프앤디,16,16,0,0,0,1.0,0.0,0,0.0,0.0
2019,우주라이크앤,우주라이크앤,(주)우주에프앤디,76,57,3,1,0,0.75,0.05263157894736842,127077,1.27077,1065.7
2021,우지커피,우지커피(OOZYCOFFEE),우지(OOZY),4,4,0,0,0,1.0,0.0,214492,2.14492,922.5
2022,우지커피,우지커피(OOZYCOFFEE),(주)우지컴퍼니,18,15,1,0,0,0.8333333333333334,0.05555555555555555,229020,2.2902,1205.4
2023,우지커피,우지커피(OOZYCOFFEE),(주)우지컴퍼니,44,27,0,1,1,0.6136363636363636,0.022727272727272728,237143,2.37143,1337.8
2024,우지커피,우지커피(OOZYCOFFEE),(주)우지컴퍼니,97,55,0,2,1,0.5670103092783505,0.020618556701030927,213042,2.13042,1340.9
2023,운커피,운커피(雲커피),(주)남쪽나라,5,5,0,0,0,1.0,0.0,0,0.0,0.0
2024,운커피,운커피(雲커피),(주)디오스글로벌,6,2,0,1,1,0.3333333333333333,0.16666666666666666,107033,1.07033,780.1
2017,워너커피,워너커피(WANNA COFFEE),(유)워너커피,12,10,2,0,1,0.8333333333333334,0.16666666666666666,157145,1.57145,1678.2
2018,워너커피,워너커피(WANNA COFFEE),(유)워너커피,16,4,0,0,1,0.25,0.0,137161,1.37161,1408.9
2019,워너커피,워너커피(WANNA COFFEE),(유)워너커피,13,1,3,1,2,0.07692307692307693,0.3076923076923077,152063,1.52063,1509.7
2020,워너커피,워너커피(WANNA COFFEE),워너커피,9,1,5,0,0,0.1111111111111111,0.5555555555555556,164973,1.64973,1846.1
2021,워너커피,워너커피(WANNA COFFEE),워너커피,8,1,2,0,0,0.125,0.25,137349,1.37349,1619.5
2022,워너커피,워너커피(WANNA COFFEE),워너커피,7,0,1,0,0,0.0,0.14285714285714285,134588,1.34588,1587.0
2024,워너커피,워너커피(WANNA COFFEE),워너커피,5,0,2,0,0,0.0,0.4,134042,1.34042,1667.9
2017,원스어폰어밀크쉐이크,원스어폰어밀크쉐이크,조앤장(주),2,1,0,0,0,0.5,0.0,0,0.0,0.0
2024,원앤식스커피,원앤식스커피,원앤식스커피,1,1,0,0,0,1.0,0.0,0,0.0,0.0
2021,원유로스페셜티커피,원유로스페셜티커피,(주)비아이랩,21,21,0,0,0,1.0,0.0,70695,0.70695,573.2
2022,원유로스페셜티커피,원유로스페셜티커피,(주)비아이랩,72,54,3,0,2,0.75,0.041666666666666664,123711,1.23711,765.4
2023,원유로스페셜티커피,원유로스페셜티커피,(주)비아이랩,86,18,4,0,7,0.20930232558139536,0.046511627906976744,105820,1.0582,721.2
2024,원유로스페셜티커피,원유로스페셜티커피,(주)비아이랩,82,31,38,0,1,0.3780487804878049,0.4634146341463415,105820,1.0582,721.2
2023,원퍼밀커피,원퍼밀커피,(주)원퍼밀,1,1,0,0,0,1.0,0.0,0,0.0,0.0
2019,웨일즈커피,웨일즈커피(WHALES COFFEE),(주)카페홀릭,1,1,0,0,0,1.0,0.0,0,0.0,0.0
2020,웨일즈커피,웨일즈커피(WHALES COFFEE),(주)카페홀릭,2,1,0,0,0,0.5,0.0,0,0.0,0.0
2022,위너스커피,위너스커피,소미돈까스,3,3,0,0,0,1.0,0.0,0,0.0,0.0
2023,위너스커피,위너스커피,위너스커피,8,5,0,0,0,0.625,0.0,0,0.0,0.0
2024,위너스커피,위너스커피,위너스커피,10,2,0,0,2,0.2,0.0,85776,0.85776,529.5
2017,유달리,유달리,유달리본점,29,15,0,0,0,0.5172413793103449,0.0,220576,2.20576,934.9
2018,유달리,유달리,(유)유달리,34,5,0,0,0,0.14705882352941177,0.0,171043,1.71043,724.1
2024,유동 에스프레소바,유동 에스프레소바(Take-Out) ,(주)유동커피,3,3,0,0,0,1.0,0.0,0,0.0,0.0
2020,유동커피,유동커피 ,(주)유동커피,10,10,0,0,0,1.0,0.0,0,0.0,0.0
2021,유동커피,유동커피 ,(주)유동커피,14,6,2,0,0,0.42857142857142855,0.14285714285714285,376497,3.76497,675.2
2022,유동커피,유동커피,(주)유동커피,17,5,0,2,0,0.29411764705882354,0.11764705882352941,303633,3.03633,729.7
2023,유동커피,유동커피,(주)유동커피,15,2,0,4,0,0.13333333333333333,0.26666666666666666,308664,3.08664,789.1
2024,유동커피,유동커피,(주)유동커피,14,3,0,4,0,0.21428571428571427,0.2857142857142857,323301,3.23301,899.5
2023,유로스커피 로스터스,유로스커피 로스터스,(주)유로스컴퍼니,1,1,0,0,0,1.0,0.0,0,0.0,0.0
2024,유로스커피 로스터스,유로스커피 로스터스,(주)유로스컴퍼니,4,3,0,0,0,0.75,0.0,297466,2.97466,1166.5
2024,유아이유,유아이유,유아이유명덕점,3,0,0,0,0,0.0,0.0,175282,1.75282,1752.8
2021,읍천리 382,읍천리 382,읍천리382가맹본부,16,16,0,0,0,1.0,0.0,340457,3.40457,1964.1
2022,읍천리 382,읍천리 382,읍천리382가맹본부,101,85,0,0,7,0.8415841584158416,0.0,414757,4.14757,1630.0
2023,읍천리 382,읍천리 382,읍천리382가맹본부,135,36,1,1,26,0.26666666666666666,0.014814814814814815,367178,3.67178,1341.6
2024,읍천리 382,읍천리 382,읍천리382가맹본부,173,41,0,3,30,0.23699421965317918,0.017341040462427744,347073,3.47073,1270.7
2023,이공커피,이공커피,이공커피,4,3,0,0,0,0.75,0.0,251322,2.51322,1902.5
2024,이공커피,이공커피,이공컴퍼니,11,7,0,0,2,0.6363636363636364,0.0,320381,3.20381,2680.3
2022,이너리트,이너리트,(주)더빌드,1,1,0,0,0,1.0,0.0,0,0.0,0.0
2023,이너리트,이너리트,(주)더빌드,2,1,0,0,0,0.5,0.0,0,0.0,0.0
2024,이너리트,이너리트,(주)더빌드,2,0,0,0,0,0.0,0.0,500372,5.00372,505.4
2017,이디야,이디야커피,(주)이디야,1865,318,30,0,147,0.17050938337801608,0.0160857908847185,231302,2.31302,1020.2
2018,이디야,이디야커피,(주)이디야,2142,318,41,0,218,0.1484593837535014,0.019140989729225025,209936,2.09936,870.6
2019,이디야,이디야커피,(주)이디야,2399,298,41,0,230,0.12421842434347645,0.01709045435598166,214557,2.14557,990.1
2020,이디야,이디야커피,(주)이디야,2651,302,50,0,213,0.11391927574500188,0.01886080724254998,216931,2.16931,841.5
2021,이디야,이디야커피,(주)이디야,2875,305,81,0,248,0.10608695652173913,0.02817391304347826,187040,1.8704,657.0
2022,이디야,이디야커피,(주)이디야,3005,218,88,0,198,0.07254575707154742,0.029284525790349417,180331,1.80331,626.4
2023,이디야,이디야커피,(주)이디야,3005,196,196,0,237,0.06522462562396007,0.06522462562396007,189864,1.89864,644.0
2024,이디야,이디야커피,(주)이디야,2805,143,343,0,244,0.050980392156862744,0.12228163992869875,195287,1.95287,644.7
2023,이루팜,이루팜,이루팜,4,4,0,0,0,1.0,0.0,0,0.0,0.0
2024,이루팜,이루팜,이루팜,8,5,1,0,0,0.625,0.125,288308,2.88308,1896.7
2022,이륜당,이륜당,(주)이음에프앤비,11,11,0,0,1,1.0,0.0,334080,3.3408,2540.2
2023,이륜당,이륜당,(주)이음에프앤비,20,9,0,0,0,0.45,0.0,314080,3.1408,1857.0
2024,이륜당,이륜당,(주)이음에프앤비,18,1,0,1,5,0.05555555555555555,0.05555555555555555,274742,2.74742,1662.7
2022,이분삼십초커피,이분삼십초커피,(주)투앤써티,1,1,0,0,0,1.0,0.0,0,0.0,0.0
2023,이분삼십초커피,이분삼십초커피,(주)투앤써티,4,3,0,0,0,0.75,0.0,0,0.0,0.0
2022,이삐커피,이삐커피(yippee coffee),㈜이삐커피,3,3,0,0,0,1.0,0.0,0,0.0,0.0
2023,이삐커피,이삐커피(yippee coffee),㈜이삐커피,15,12,0,0,0,0.8,0.0,161034,1.61034,1562.9
2024,이수페,이수페,카페이수페,2,2,0,0,0,1.0,0.0,167334,1.67334,1227.1
2023,이십센치,이십센치,(주)커피이십센치,43,43,0,0,0,1.0,0.0,52680,0.5268,264.7
2024,이십센치,이십센치,(주)위니파이브,29,4,18,0,4,0.13793103448275862,0.6206896551724138,58986,0.58986,267.3
2024,이코복스커피스튜디오,이코복스커피스튜디오(IKOVOX COFFEE STUDIO),이코복스커피(주),1,1,0,0,0,1.0,0.0,0,0.0,0.0
2017,익살스런 상상,익살스런 상상,(주)마체베트,1,0,0,0,0,0.0,0.0,0,0.0,0.0
2017,일리 카페,일리 카페 (illy caffe),(주)큐로에프앤비,12,1,0,1,0,0.08333333333333333,0.08333333333333333,275421,2.75421,1163.9
2018,일리 카페,일리 카페 (illy caffe),(주)큐로에프앤비,8,0,0,4,0,0.0,0.5,272561,2.72561,1178.6
2019,일리 카페,일리 카페 (illy caffe),(주)큐로에프앤비,9,1,0,0,0,0.1111111111111111,0.0,246252,2.46252,624.5
2020,일리 카페,일리 카페 (illy Caffe),(주)큐로에프앤비,12,3,0,0,0,0.25,0.0,201176,2.01176,521.0
2021,일리 카페,일리 카페 (illy Caffe),(주)큐로에프앤비,12,2,0,2,0,0.16666666666666666,0.16666666666666666,195927,1.95927,498.1
2023,일리카페,일리카페 (illy Caffe),(주)큐로에프앤비,22,3,0,0,0,0.13636363636363635,0.0,154688,1.54688,416.1
2024,일리카페,일리카페(illy Caffe),(주)큐로에프앤비,14,1,1,8,0,0.07142857142857142,0.6428571428571429,166288,1.66288,436.5
2018,일리터 카페앤바,일리터 카페앤바,카페일리터,1,1,0,0,0,1.0,0.0,0,0.0,0.0
2019,일리터 카페앤바,일리터 카페앤바,카페일리터,1,0,0,0,0,0.0,0.0,0,0.0,0.0
2024,일리터맥스,일리터맥스,맥스랩(LAB),14,8,0,0,0,0.5714285714285714,0.0,93002,0.93002,715.4
2017,일리터커피,일리터커피(1LiTER COFFEE),(주)카페원플러스원,12,5,1,0,1,0.4166666666666667,0.08333333333333333,126956,1.26956,599.9
2018,일리터커피,일리터커피(1LiTER COFFEE),(주)카페원플러스원,8,0,4,0,0,0.0,0.5,106093,1.06093,966.6
2023,일상엔,일상엔,(주)바론에프엔씨,1,1,0,0,0,1.0,0.0,0,0.0,0.0
2024,일상엔,일상엔,(주)바론에프엔씨,1,0,0,0,0,0.0,0.0,0,0.0,0.0
2022,일월십사일,일월십사일,일월십사일,1,1,0,0,0,1.0,0.0,0,0.0,0.0
2023,일월십사일,일월십사일,일월십사일,1,0,0,0,0,0.0,0.0,147833,1.47833,492.7
2023,일층커피, 일층커피(ONE FLOOR COFFEE),일층커피_1F,2,2,0,0,0,1.0,0.0,64672,0.64672,1959.7
2024,일층커피,일층커피(ONE FLOOR COFFEE),일층커피_1F,3,1,0,1,0,0.3333333333333333,0.3333333333333333,77553,0.77553,2350.0
2019,일커피,일커피(iL COFFEE),일커피(주),4,4,0,0,0,1.0,0.0,0,0.0,0.0
2020,일커피,일커피(iL COFFEE),일커피(주),5,1,1,0,0,0.2,0.2,352646,3.52646,1502.9
2021,일커피,일커피(iL COFFEE),일커피(주),5,1,1,0,0,0.2,0.2,0,0.0,0.0
2022,일커피,일커피(iL COFFEE),일커피(주),4,0,1,0,0,0.0,0.25,254526,2.54526,960.2
2023,일커피,일커피(iL COFFEE),일커피(주),4,0,0,0,0,0.0,0.0,234425,2.34425,884.3
2024,일커피,일커피(iL COFFEE),일커피(주),3,0,1,0,0,0.0,0.3333333333333333,246831,2.46831,1334.4
2017,일하기싫은날다방,일하기싫은날다방,밥하기싫은날,1,1,0,0,0,1.0,0.0,0,0.0,0.0
2018,잇.,잇.(EAT.),(주)이에이티,4,3,0,0,0,0.75,0.0,153891,1.53891,640.5
2019,잇.,잇.(EAT.),(주)이에이티,3,0,0,1,0,0.0,0.3333333333333333,0,0.0,0.0
2020,잇.,잇.(EAT),(주)이에이티,2,0,1,0,0,0.0,0.5,0,0.0,0.0
2024,잇피티,잇피티,쥬씨(주),1,1,0,0,0,1.0,0.0,0,0.0,0.0
2017,잠바주스,잠바주스,(주)파리크라상,2,1,0,0,0,0.5,0.0,0,0.0,0.0
2018,잠바주스,잠바주스,(주)파리크라상,1,0,1,0,0,0.0,1.0,0,0.0,0.0
2019,잠바주스,잠바주스,(주)파리크라상,2,1,0,0,0,0.5,0.0,0,0.0,0.0
2020,잠바주스,잠바주스,(주)파리크라상,4,2,0,0,1,0.5,0.0,0,0.0,0.0
2021,잠바주스,잠바주스,(주)파리크라상,4,2,2,0,0,0.5,0.5,0,0.0,0.0
2022,잠바주스,잠바주스,(주)파리크라상,8,5,0,1,0,0.625,0.125,342752,3.42752,2688.2
2023,잠바주스,잠바주스,(주)파리크라상,8,1,0,1,1,0.125,0.125,422416,4.22416,2887.5
2022,장미카페,장미카페,장미카페,1,1,0,0,0,1.0,0.0,0,0.0,0.0
2021,장산다방,장산다방,(주)아슬란,6,6,0,0,0,1.0,0.0,0,0.0,0.0
2017,전광수커피,전광수커피,전광수커피랩,17,17,0,0,0,1.0,0.0,141193,1.41193,335.1
2018,전광수커피,전광수커피,(주)전광수커피,17,1,1,0,2,0.058823529411764705,0.058823529411764705,270116,2.70116,814.2
2019,전광수커피,전광수커피,(주)전광수커피,15,1,3,0,3,0.06666666666666667,0.2,279522,2.79522,815.3
2020,전광수커피,전광수커피,(주)전광수커피,14,0,1,0,0,0.0,0.07142857142857142,261898,2.61898,784.0
2021,전광수커피,전광수커피,(주)전광수커피,12,0,2,0,1,0.0,0.16666666666666666,82021,0.82021,253.2
2022,전광수커피,전광수커피,(주)전광수커피,15,0,0,0,1,0.0,0.0,222193,2.22193,709.8
2023,전광수커피,전광수커피,(주)전광수커피,16,1,0,0,0,0.0625,0.0,241479,2.41479,789.2
2024,전광수커피,전광수커피,(주)전광수커피,14,1,3,0,0,0.07142857142857142,0.21428571428571427,227939,2.27939,808.8
2022,점프,점프(JUMP),(주)범브로스,11,11,0,0,0,1.0,0.0,259869,2.59869,1728.9
2023,점프,점프(JUMP),(주)범브로스,23,13,0,1,3,0.5652173913043478,0.043478260869565216,292865,2.92865,1335.2
2024,점프,점프(JUMP),(주)범브로스,31,13,5,0,4,0.41935483870967744,0.16129032258064516,232294,2.32294,1049.2
2022,정글비,정글비,정글비,14,3,0,0,0,0.21428571428571427,0.0,108954,1.08954,273.7
2023,정글비,정글비,정글비,20,6,0,0,0,0.3,0.0,151305,1.51305,385.6
2024,정글비,정글비,정글비,23,6,0,3,0,0.2608695652173913,0.13043478260869565,143913,1.43913,396.3
2022,제이엠티,제이엠티(JMT),㈜네오플레너스,4,1,1,0,0,0.25,0.25,0,0.0,0.0
2023,제이엠티,제이엠티(JMT),㈜네오플레너스,7,7,0,4,0,1.0,0.5714285714285714,0,0.0,0.0
2024,제이엠티,제이엠티(JMT),㈜네오플레너스,9,3,1,0,0,0.3333333333333333,0.1111111111111111,76442,0.76442,624.9
2023,제일구락부,제일구락부,메이커다이브(주),3,3,0,0,0,1.0,0.0,0,0.0,0.0
2018,제주스,제주스,(주)제주스,4,4,0,0,0,1.0,0.0,0,0.0,0.0
2019,제주스,제주스,(주)제주스,10,8,0,2,0,0.8,0.2,0,0.0,0.0
2020,제주스,제주스,(주)제주스,13,4,1,0,1,0.3076923076923077,0.07692307692307693,125548,1.25548,928.1
2021,제주스,제주스,(주)제주스,20,9,2,0,1,0.45,0.1,96250,0.9625,782.8
2022,제주스,제주스,(주)제주스,28,11,0,3,1,0.39285714285714285,0.10714285714285714,142857,1.42857,1185.9
2023,제주스,제주스,(주)제주스,32,7,0,3,0,0.21875,0.09375,175699,1.75699,1215.5
2024,제주스,제주스,(주)제주스,34,5,0,3,0,0.14705882352941177,0.08823529411764706,212371,2.12371,22337.6
2020,제퍼빈스,제퍼빈스(Zephyr Beans),(주)티엠홀딩스,4,0,1,0,0,0.0,0.25,57459,0.57459,547.2
2021,제퍼빈스,제퍼빈스(Zephyr Beans),(주)에이앤제이코퍼레이션,4,0,0,0,0,0.0,0.0,61432,0.61432,585.1
2024,제퍼빈스,제퍼빈스(Zephyr Beans),(주)에이앤제이코퍼레이션,3,0,0,0,0,0.0,0.0,68019,0.68019,755.8
2017,제퍼커피,제퍼커피(ZEPHYR COFFEE),(주)티엠홀딩스,19,4,3,0,0,0.21052631578947367,0.15789473684210525,62166,0.62166,478.2
2018,제퍼커피,제퍼커피(ZEPHYR COFFEE),(주)티엠홀딩스,13,0,6,0,0,0.0,0.46153846153846156,84457,0.84457,696.0
2019,제퍼커피,제퍼커피(ZEPHYR COFFEE),(주)티엠홀딩스,5,0,8,0,0,0.0,1.6,9243,0.09243,84.0
2017,제프리 카벤디쉬 런던,제프리 카벤디쉬 런던,(주)제프리 컴퍼니,2,0,0,0,0,0.0,0.0,0,0.0,0.0
2023,조선다방,조선다방,내조국국밥(주),27,27,0,0,0,1.0,0.0,120116,1.20116,965.2
2024,조선다방,조선다방,내조국국밥(주),22,1,1,5,0,0.045454545454545456,0.2727272727272727,105514,1.05514,805.7
2022,조커커피,조커커피(JOKER COFFEE),커피신화(주),1,1,0,0,0,1.0,0.0,0,0.0,0.0
2023,조커커피,조커커피(JOKER COFFEE),커피신화(주),1,0,0,0,0,0.0,0.0,0,0.0,0.0
2017,죠샌드위치앤커피,죠샌드위치앤커피,(주)제이에스앤씨,48,5,12,0,6,0.10416666666666667,0.25,143477,1.43477,856.6
2018,죠샌드위치앤커피,죠샌드위치앤커피,(주)제이에스앤씨,51,7,4,0,6,0.13725490196078433,0.0784313725490196,144480,1.4448,920.6
2019,죠샌드위치앤커피,죠샌드위치앤커피,(주)제이에스앤씨,47,4,4,0,4,0.0851063829787234,0.0851063829787234,143985,1.43985,950.7
2020,주니아,주니아,㈜하나패밀리,6,6,0,0,0,1.0,0.0,0,0.0,0.0
2021,주니아,주니아,㈜하나패밀리,8,5,3,0,0,0.625,0.375,187895,1.87895,1519.7
2022,주니아,주니아,㈜하나패밀리,15,9,2,0,0,0.6,0.13333333333333333,224944,2.24944,1597.9
2023,주니아,주니아,㈜하나패밀리,17,0,0,0,0,0.0,0.0,188888,1.88888,1506.5
2024,주니아,주니아,(주)하나패밀리,20,5,2,0,1,0.25,0.1,145976,1.45976,1205.9
2024,주디마리,주디마리,(주)주디마리,1,0,0,0,0,0.0,0.0,412328,4.12328,958.9
2017,주스탐,주스탐,(주)올어바웃,26,28,6,0,5,1.0769230769230769,0.23076923076923078,69831,0.69831,800.2
2018,주스탐,주스탐,(주)올어바웃,13,0,13,0,1,0.0,1.0,71808,0.71808,888.0
2017,주스탐델리,주스탐델리,(주)올어바웃,2,2,0,0,0,1.0,0.0,0,0.0,0.0
2018,주스탐델리,주스탐델리,(주)올어바웃,3,1,0,0,1,0.3333333333333333,0.0,0,0.0,0.0
2017,주커피,주커피,태영에프앤비(주),52,4,17,1,0,0.07692307692307693,0.34615384615384615,212290,2.1229,505.4
2018,주커피,주커피,태영에프앤비(주),45,5,12,0,5,0.1111111111111111,0.26666666666666666,199347,1.99347,501.6
2019,주커피,주커피,태영에프앤비(주),39,7,13,0,4,0.1794871794871795,0.3333333333333333,174958,1.74958,405.9
2020,주커피,주커피,태영에프앤비(주),31,1,8,0,2,0.03225806451612903,0.25806451612903225,170907,1.70907,308.0
2021,주커피,주커피,태영에프앤비(주),27,0,4,0,1,0.0,0.14814814814814814,113833,1.13833,218.1
2022,주커피,주커피,태영에프앤비(주),22,0,5,0,0,0.0,0.22727272727272727,82625,0.82625,155.6
2023,주커피,주커피,태영에프앤비(주),17,0,5,0,0,0.0,0.29411764705882354,121450,1.2145,221.0
2017,줄리앙 와플,줄리앙 와플,(주)브라더푸드,23,23,0,0,0,1.0,0.0,110277,1.10277,1144.0
2018,줄리앙 와플,줄리앙 와플,(주)브라더푸드,26,8,5,0,2,0.3076923076923077,0.19230769230769232,21425,0.21425,195.8
2019,줄리앙 와플,줄리앙 와플,(주)브라더푸드,20,10,16,0,0,0.5,0.8,31937,0.31937,355.0
2020,줄리앙 와플,줄리앙 와플,(주)브라더푸드,16,4,8,8,0,0.25,1.0,0,0.0,0.0
2021,줄리앙 와플,줄리앙 와플,(주)브라더푸드,14,5,6,1,0,0.35714285714285715,0.5,6995,0.06995,78.2
2017,쥬스스타,쥬스스타,선우프로듀스(주),47,55,8,0,1,1.1702127659574468,0.1702127659574468,95022,0.95022,787.0
2018,쥬스스타,쥬스스타,선우프로듀스(주),39,12,20,0,2,0.3076923076923077,0.5128205128205128,66442,0.66442,580.3
2019,쥬스스타,쥬스스타,선우프로듀스(주),24,2,17,0,0,0.08333333333333333,0.7083333333333334,48761,0.48761,388.1
2017,쥬스킹,쥬스킹(JUICE KING) ,㈜엠투에프앤비,4,4,0,0,0,1.0,0.0,0,0.0,0.0
2018,쥬스킹,쥬스킹(JUICE KING) ,㈜엠투에프앤비,17,4,0,13,0,0.23529411764705882,0.7647058823529411,76342,0.76342,742.2
2019,쥬스킹,쥬스킹(JUICE KING) ,(주)엠투에프앤비,19,17,4,6,1,0.8947368421052632,0.5263157894736842,87732,0.87732,877.3
2020,쥬스킹,쥬스킹(JUICE KING) ,(주)엠투에프앤비,18,19,3,2,0,1.0555555555555556,0.2777777777777778,70375,0.70375,698.3
2021,쥬스킹,쥬스킹(JUICE KING) ,(주)엠투에프앤비,19,18,5,6,1,0.9473684210526315,0.5789473684210527,42506,0.42506,386.4
2022,쥬스킹,쥬스킹(JUICE KING),(주)엠투에프앤비,15,19,4,0,2,1.2666666666666666,0.26666666666666666,126409,1.26409,1022.4
2023,쥬스킹,쥬스킹(JUICE KING),(주)엠투에프앤비,14,15,1,0,1,1.0714285714285714,0.07142857142857142,181161,1.81161,1314.8
2024,쥬스킹,쥬스킹(JUICE KING),(주)엠투에프앤비,13,1,2,0,0,0.07692307692307693,0.15384615384615385,170356,1.70356,1250.3
2017,쥬스팩토리,쥬스팩토리,(주)쥬스팩토리,26,26,0,0,4,1.0,0.0,74731,0.74731,615.4
2018,쥬스팩토리,쥬스팩토리,(주)쥬스팩토리,15,0,10,0,2,0.0,0.6666666666666666,70355,0.70355,641.4
2019,쥬스팩토리,쥬스팩토리,(주)쥬스팩토리,8,2,9,0,1,0.25,1.125,65991,0.65991,627.3
2020,쥬스팩토리,쥬스팩토리,(주)쥬스팩토리,6,0,1,0,0,0.0,0.16666666666666666,75507,0.75507,667.4
2018,쥬스플레이,쥬스플레이,쥬스플레이,2,2,0,0,0,1.0,0.0,0,0.0,0.0
2017,쥬씨,쥬씨(JUICY),쥬씨(주),801,639,24,0,62,0.797752808988764,0.0299625468164794,228276,2.28276,2172.2
2018,쥬씨,쥬씨(JUICY),쥬씨(주),722,29,108,0,67,0.04016620498614958,0.14958448753462603,169515,1.69515,1724.8
2019,쥬씨,쥬씨(JUICY),쥬씨(주),590,16,126,22,28,0.02711864406779661,0.25084745762711863,153923,1.53923,1556.4
2020,쥬씨,쥬씨(JUICY),쥬씨(주),480,29,95,46,41,0.06041666666666667,0.29375,155777,1.55777,1481.4
2021,쥬씨,쥬씨(JUICY),쥬씨(주),446,34,54,20,37,0.07623318385650224,0.16591928251121077,125549,1.25549,1184.1
2023,쥬씨,쥬씨(JUICY),쥬씨(주),314,20,54,12,22,0.06369426751592357,0.21019108280254778,109381,1.09381,1173.2
2024,쥬씨,쥬씨(JUICY),쥬씨(주),245,7,58,23,18,0.02857142857142857,0.3306122448979592,84198,0.84198,822.5
2022,쥬씨프레소,쥬씨프레소,(주)쥬씨,11,11,0,0,0,1.0,0.0,0,0.0,0.0
2023,쥬씨프레소,쥬씨프레소,쥬씨(주),8,1,4,0,0,0.125,0.5,103923,1.03923,45.6
2024,쥬씨프레소,쥬씨프레소,쥬씨(주),7,0,1,0,0,0.0,0.14285714285714285,150110,1.5011,870.5
2020,쥬청과,쥬청과,순수유통(주),2,2,0,0,0,1.0,0.0,0,0.0,0.0
2021,쥬청과,쥬청과,순수유통(주),4,2,0,0,0,0.5,0.0,0,0.0,0.0
2022,쥬청과,쥬청과,순수유통(주),7,4,2,0,1,0.5714285714285714,0.2857142857142857,89966,0.89966,746.9
2023,쥬청과,쥬청과,순수유통(주),7,4,4,0,0,0.5714285714285714,0.5714285714285714,78078,0.78078,460.1
2024,쥬청과,쥬청과,순수유통(주),6,0,1,0,0,0.0,0.16666666666666666,96401,0.96401,497.1
2023,지니프레쉬,지니프레쉬,지니프레쉬,5,5,0,0,0,1.0,0.0,177509,1.77509,1177.3
2017,지브릭커피,"지브릭커피(G,BRICK COFFEE)",(주)디자인포비,3,0,1,0,0,0.0,0.3333333333333333,0,0.0,0.0
2018,지브릭커피,"지브릭커피(G,BRICK COFFEE)",(주)디자인포비,4,2,1,0,0,0.5,0.25,0,0.0,0.0
2019,지브릭커피,"지브릭커피(G,BRICK COFFEE)",(주)디자인포비,5,1,0,0,0,0.2,0.0,17557,0.17557,47.5
2020,지브릭커피,"지브릭커피(G,BRICK COFFEE)",(주)디자인포비,6,1,0,0,0,0.16666666666666666,0.0,21759,0.21759,50.6
2021,지브릭커피,"지브릭커피(G,BRICK COFFEE)",(주)디자인포비,4,0,2,0,1,0.0,0.5,24254,0.24254,72.6
2022,지브릭커피,"지브릭커피(G,BRICK COFFEE)",(주)디자인포비,5,1,0,0,0,0.2,0.0,186288,1.86288,622.6
2023,지브릭커피,"지브릭커피(G,BRICK COFFEE)",(주)디자인포비,5,0,0,0,0,0.0,0.0,172670,1.7267,577.1
2024,지브릭커피,"지브릭커피(G,BRICK COFFEE)",(주)디자인포비,6,1,0,0,0,0.16666666666666666,0.0,184893,1.84893,662.4
2024,지티,지티(GT)커피,지티(GT)커피,3,3,0,0,0,1.0,0.0,0,0.0,0.0
2021,진심커피,진심커피,(주)진심코리아,4,4,0,0,0,1.0,0.0,21176,0.21176,199.6
2022,진심커피,진심커피,(주)진심코리아,10,5,0,0,1,0.5,0.0,150197,1.50197,1460.0
2024,진심커피,진심커피,(주)하영에프앤비,11,0,4,1,0,0.0,0.45454545454545453,138902,1.38902,898.6
2023,집생로커피,집생로커피,㈜에이치비에스,3,3,0,0,0,1.0,0.0,308785,3.08785,1286.6
2024,집생로커피,집생로커피,(주)에이치비에스,4,1,0,0,0,0.25,0.0,27304,0.27304,173.4
2024,짹슨커피,짹슨커피,(주)짹슨이네회사,7,7,0,0,0,1.0,0.0,93081,0.93081,848.5
2020,쩐주단,쩐주단,(주)쩐주단코리아,16,23,7,0,1,1.4375,0.4375,355134,3.55134,2170.2
2021,쩐주단,쩐주단,(주)제이제이디,5,2,13,0,0,0.4,2.6,159421,1.59421,1327.5
2018,쪼오꼬,쪼오꼬,쪼오꼬,1,0,0,0,0,0.0,0.0,0,0.0,0.0
2022,차눙,차눙,(주)루시카토,2,2,0,0,0,1.0,0.0,0,0.0,0.0
2023,차눙,차눙,(주)루시카토,3,1,0,0,0,0.3333333333333333,0.0,17036,0.17036,145.1
2019,차뜨라므,차뜨라므,㈜디저트플러스,1,1,0,0,0,1.0,0.0,0,0.0,0.0
2020,차뜨라므,차뜨라므,㈜디저트플러스,1,0,0,0,0,0.0,0.0,0,0.0,0.0
2021,차뜨라므,차뜨라므,㈜디저트플러스,1,0,0,0,0,0.0,0.0,0,0.0,0.0
2019,차얌,차얌,(주)프로젝트비,2,2,0,0,0,1.0,0.0,0,0.0,0.0
2020,차얌,차얌,(주)프로젝트비,92,92,0,0,0,1.0,0.0,271762,2.71762,3073.2
2021,차얌,차얌,(주)프로젝트비,164,72,6,0,7,0.43902439024390244,0.036585365853658534,58725,0.58725,569.1
2022,차얌,차얌,(주)프로젝트비,144,2,19,4,8,0.013888888888888888,0.1597222222222222,50799,0.50799,510.8
2023,차얌,차얌,(주)프로젝트비,126,8,17,6,10,0.06349206349206349,0.18253968253968253,50264,0.50264,499.1
2024,차얌,차얌,(주)프로젝트비,95,2,30,6,8,0.021052631578947368,0.37894736842105264,46707,0.46707,455.3
2022,차이,차이(CHAI),(주)폴제이코퍼레이션,20,14,0,0,0,0.7,0.0,181889,1.81889,1604.1
2023,차이,차이(CHAI),(주)폴제이코퍼레이션,22,3,1,0,1,0.13636363636363635,0.045454545454545456,170339,1.70339,1197.5
2024,차이,차이(CHAI),(주)폴제이코퍼레이션,20,2,4,0,1,0.1,0.2,157654,1.57654,982.0
2023,차차커피코,차차커피코,(주)차차커피코,25,25,0,0,0,1.0,0.0,0,0.0,0.0
2024,차차커피코,차차커피코,(주)차차커피코,50,28,3,0,2,0.56,0.06,182691,1.82691,1137.0
2018,차타임라운지,차타임라운지,(주)차타임,2,2,0,0,0,1.0,0.0,0,0.0,0.0
2019,차타임라운지,차타임라운지,(주)차타임,4,2,0,0,0,0.5,0.0,0,0.0,0.0
2020,차타임라운지,차타임라운지,(주)차타임,5,2,1,0,0,0.4,0.2,175290,1.7529,835.3
2021,채우다,채우다,(주)채움에프앤비,4,4,0,0,0,1.0,0.0,0,0.0,0.0
2022,채우다,채우다,(주)채움에프앤비,7,4,0,0,2,0.5714285714285714,0.0,166371,1.66371,1286.8
2023,채우다,채우다,(주)채움에프앤비,9,2,0,0,1,0.2222222222222222,0.0,143583,1.43583,1030.1
2024,채우다,채우다,(주)채움에프앤비,5,1,0,5,2,0.2,1.0,135791,1.35791,1038.7
2022,챔스빈커피,챔스빈커피,제이와이에프앤비(주),1,1,0,0,0,1.0,0.0,0,0.0,0.0
2023,챔스빈커피,챔스빈커피,제이와이에프앤비(주),4,3,0,0,0,0.75,0.0,133576,1.33576,314.8
2021,천미리,천미리,천미리커피,2,2,0,0,0,1.0,0.0,0,0.0,0.0
2022,천미리,천미리,천미리커피,2,2,2,0,0,1.0,1.0,0,0.0,0.0
2021,천씨씨커피,천씨씨커피,더천씨씨코리아,33,33,0,0,0,1.0,0.0,0,0.0,0.0
2022,천씨씨커피,천씨씨커피,(주)지민,59,30,0,4,0,0.5084745762711864,0.06779661016949153,208645,2.08645,887.8
2023,천씨씨커피,천씨씨커피,(주)지민,80,27,0,6,10,0.3375,0.075,174477,1.74477,933.9
2024,천씨씨커피,천씨씨커피,(주)지민,99,25,0,6,18,0.25252525252525254,0.06060606060606061,239639,2.39639,4287.8
2017,청년다방,청년다방,(주)한경기획,80,71,2,0,4,0.8875,0.025,396946,3.96946,1717.4
2018,청년다방,청년다방,(주)한경기획,153,77,5,0,11,0.5032679738562091,0.032679738562091505,401823,4.01823,1829.7
2019,청년다방,청년다방,(주)한경기획,229,84,8,0,17,0.36681222707423583,0.034934497816593885,660213,6.60213,3083.7
2023,청담커피,청담커피,참준글로벌(주),5,5,0,0,0,1.0,0.0,0,0.0,0.0
2021,청솔로9,청솔로9,청솔로9가맹본부,23,16,4,0,1,0.6956521739130435,0.17391304347826086,135995,1.35995,1133.2
2022,청솔로9,청솔로9,청솔로9가맹본부,48,25,0,0,0,0.5208333333333334,0.0,191689,1.91689,1522.5
2023,청솔로9,청솔로9,(주)아이피케이,65,23,6,0,0,0.35384615384615387,0.09230769230769231,69012,0.69012,399.4
2024,청솔로9,청솔로9,(주)아이피케이,81,24,8,0,11,0.2962962962962963,0.09876543209876543,186106,1.86106,968.5
2017,청자다방,청자다방,청자다방,12,8,0,0,0,0.6666666666666666,0.0,0,0.0,0.0
2018,청자다방,청자다방,청자다방,49,38,0,1,0,0.7755102040816326,0.02040816326530612,160092,1.60092,970.9
2019,청자다방,청자다방,(주)청자다방,93,44,0,0,6,0.4731182795698925,0.0,135473,1.35473,804.5
2020,청자다방,청자다방,(주)청자다방,108,24,9,0,1,0.2222222222222222,0.08333333333333333,138027,1.38027,823.8
2021,청자다방,청자다방,(주)청자다방,117,22,13,0,14,0.18803418803418803,0.1111111111111111,123663,1.23663,678.7
2022,청자다방,청자다방,(주)청자다방,123,15,0,9,24,0.12195121951219512,0.07317073170731707,113894,1.13894,607.1
2023,청자다방,청자다방,(주)청자다방,122,20,21,0,14,0.16393442622950818,0.1721311475409836,150757,1.50757,789.5
2024,청자다방,청자다방,(주)청자다방,126,18,14,0,9,0.14285714285714285,0.1111111111111111,168338,1.68338,885.7
2019,춘풍슈가,춘풍슈가,(주)푸드트립,1,1,0,0,0,1.0,0.0,0,0.0,0.0
2024,치키차카초코,치키차카초코,(주)달당,19,19,0,0,0,1.0,0.0,0,0.0,0.0
2023,치타커피,치타커피,(주)서이컴퍼니,1,1,0,0,0,1.0,0.0,0,0.0,0.0
2024,치타커피,치타커피,(주)서이컴퍼니,4,3,0,0,0,0.75,0.0,69804,0.69804,455.2
2022,칠리노,칠리노,(주)해리스,11,11,0,0,0,1.0,0.0,0,0.0,0.0
2017,카작,카작,(주)늘푸른이야기,13,3,2,0,0,0.23076923076923078,0.15384615384615385,45941,0.45941,93.7
2018,카작,카작,(주)늘푸른이야기,14,1,0,0,0,0.07142857142857142,0.0,54084,0.54084,111.1
2019,카작,카작,(주)늘푸른이야기,9,3,1,0,0,0.3333333333333333,0.1111111111111111,57719,0.57719,113.7
2018,카카듀,카카듀,(주)우드앤우즈,4,4,0,0,0,1.0,0.0,0,0.0,0.0
2019,카카듀,카카듀,(주)우드앤우즈,4,1,0,1,0,0.25,0.25,0,0.0,0.0
2022,카페 70°C,카페 70°C,한국커피평가원㈜,1,1,0,0,0,1.0,0.0,0,0.0,0.0
2023,카페 길우,카페 길우,카페(Cafe)길우낭월점,2,2,0,0,0,1.0,0.0,0,0.0,0.0
2024,카페 길우,카페 길우,카페(Cafe)길우낭월점,2,0,0,0,1,0.0,0.0,133653,1.33653,570.8
2021,카페 꽃이피다,카페 꽃이피다,(주)꽃이피다,10,10,0,0,0,1.0,0.0,168275,1.68275,1051.7
2022,카페 꽃이피다,카페 꽃이피다,(주)꽃이피다,14,3,0,0,5,0.21428571428571427,0.0,166829,1.66829,675.6
2023,카페 꽃이피다,카페 꽃이피다,(주)꽃이피다,13,1,2,0,3,0.07692307692307693,0.15384615384615385,136694,1.36694,744.3
2024,카페 꽃이피다,카페 꽃이피다,(주)레호보트,12,1,2,0,0,0.08333333333333333,0.16666666666666666,125258,1.25258,445.9
2020,카페 떼오,카페 떼오,(주)휴먼앤네이쳐,1,1,0,0,0,1.0,0.0,0,0.0,0.0
2017,카페 루밍아이리스,카페 루밍아이리스,루밍아이리스,16,0,1,0,0,0.0,0.0625,0,0.0,0.0
2017,카페 마체베트,카페 마체베트,(주)마체베트,9,0,3,2,0,0.0,0.5555555555555556,101342,1.01342,527.6
2024,카페 오디디오,카페 오디디오,오디디오,2,0,0,0,0,0.0,0.0,180000,1.8,1440.0
2023,카페 우드진,카페 우드진,(주)스테디웨이브,6,3,0,0,1,0.5,0.0,201817,2.01817,1539.1
2024,카페 우드진,카페 우드진,(주)스테디웨이브,11,0,0,0,0,0.0,0.0,0,0.0,0.0
2021,카페 유어 프레즌트,카페 유어 프레즌트,카페유어프레즌트,2,2,0,0,0,1.0,0.0,0,0.0,0.0
2023,카페 유어 프레즌트,카페 유어 프레즌트,카페유어프레즌트,6,4,0,0,0,0.6666666666666666,0.0,146300,1.463,731.5
2021,카페051,카페051(cafe051),(주)공오일,132,73,2,0,0,0.553030303030303,0.015151515151515152,190732,1.90732,1760.0
2022,카페051,카페051(cafe051),(주)공오일,195,65,2,0,29,0.3333333333333333,0.010256410256410256,175845,1.75845,1521.3
2023,카페051,카페051(cafe051),(주)공오일,212,25,8,0,46,0.1179245283018868,0.03773584905660377,179489,1.79489,1557.0
2024,카페051,카페051(cafe051),(주)공오일,219,16,0,9,29,0.0730593607305936,0.0410958904109589,195264,1.95264,1647.4
2021,카페16온스,카페16온스,카페16온스(부산대역점),2,0,0,0,0,0.0,0.0,0,0.0,0.0
2022,카페16온스,카페16온스,(주)카페16온스,4,2,0,0,0,0.5,0.0,0,0.0,0.0
2023,카페16온스,카페16온스,(주)카페16온스,17,13,0,0,0,0.7647058823529411,0.0,194645,1.94645,1736.0
2024,카페16온스,카페16온스,(주)카페16온스,27,11,1,0,3,0.4074074074074074,0.037037037037037035,226248,2.26248,2068.7
2024,카페316,카페316,카페316,4,4,0,0,0,1.0,0.0,0,0.0,0.0
2022,카페606,카페606,(주)세영에프앤비,4,4,0,0,0,1.0,0.0,0,0.0,0.0
2023,카페70도씨,카페70도씨,한국커피평가원㈜,3,2,0,0,0,0.6666666666666666,0.0,14381,0.14381,92.7
2024,카페70도씨,카페70도씨,한국커피평가원㈜,3,1,1,0,0,0.3333333333333333,0.3333333333333333,11437,0.11437,73.7
2022,카페CCD,카페CCD,(주)CCD,11,11,0,0,0,1.0,0.0,0,0.0,0.0
2023,카페CCD,카페CCD,(주)아이에스,22,14,3,0,1,0.6363636363636364,0.13636363636363635,98066,0.98066,504.6
2024,카페CCD,카페CCD,(주)아이에스,22,6,3,3,0,0.2727272727272727,0.2727272727272727,116630,1.1663,634.8
2017,카페게이트,카페게이트,(유)에브라임이노베이션,10,2,0,0,0,0.2,0.0,273122,2.73122,2417.0
2018,카페게이트,카페게이트,(유)에브라임이노베이션,15,6,1,0,0,0.4,0.06666666666666667,223321,2.23321,2489.8
2019,카페게이트,카페게이트,(유)에브라임이노베이션,21,7,1,0,0,0.3333333333333333,0.047619047619047616,216790,2.1679,2144.8
2020,카페게이트,카페게이트,(유)에브라임이노베이션,63,43,1,0,2,0.6825396825396826,0.015873015873015872,192450,1.9245,1680.1
2021,카페게이트,카페게이트,(유)에브라임이노베이션,83,20,2,0,3,0.24096385542168675,0.024096385542168676,165901,1.65901,1420.5
2022,카페게이트,카페게이트,(유)에브라임이노베이션,115,41,9,0,4,0.3565217391304348,0.0782608695652174,160755,1.60755,1329.6
2023,카페게이트,카페게이트 ,(유)에브라임이노베이션,130,33,15,3,12,0.25384615384615383,0.13846153846153847,143870,1.4387,1153.7
2024,카페게이트,카페게이트,(유)에브라임이노베이션,135,22,10,7,8,0.16296296296296298,0.1259259259259259,158655,1.58655,1254.9
2024,카페그란데,카페그란데,(주)카페그란데,9,6,0,0,0,0.6666666666666666,0.0,97358,0.97358,760.6
2020,카페그리닝,카페그리닝,지알엔푸드,2,2,0,0,0,1.0,0.0,0,0.0,0.0
2021,카페그리닝,카페그리닝,지알엔푸드,5,3,0,0,1,0.6,0.0,0,0.0,0.0
2022,카페그리닝,카페그리닝,지알엔푸드,15,10,0,0,2,0.6666666666666666,0.0,279086,2.79086,2120.7
2017,카페글렌,카페글렌,(주)글렌인터내셔널,66,13,8,0,5,0.19696969696969696,0.12121212121212122,96252,0.96252,427.2
2018,카페글렌,카페글렌,(주)글렌인터내셔널,69,14,11,0,2,0.2028985507246377,0.15942028985507245,96145,0.96145,454.3
2019,카페글렌,카페글렌,(주)글렌인터내셔널,74,12,7,0,7,0.16216216216216217,0.0945945945945946,94567,0.94567,446.6
2020,카페글렌,카페글렌,조이풀컴퍼니(주),80,16,10,0,8,0.2,0.125,89114,0.89114,385.4
2021,카페글렌,카페글렌,조이풀컴퍼니(주),68,3,15,0,6,0.04411764705882353,0.22058823529411764,69424,0.69424,295.2
2017,카페까마르도,카페까마르도,(주)파인피엠아이,4,2,1,0,1,0.5,0.25,0,0.0,0.0
2018,카페까마르도,카페까마르도,(주)파인피엠아이,4,0,0,0,0,0.0,0.0,0,0.0,0.0
2019,카페까마르도,카페까마르도,(주)파인피엠아이,4,0,0,0,0,0.0,0.0,0,0.0,0.0
2024,카페꼼마,카페꼼마,(주)카페꼼마,1,1,0,0,0,1.0,0.0,0,0.0,0.0
2017,카페네스카페,카페네스카페,(주)쥬노에프엔씨,62,0,24,0,0,0.0,0.3870967741935484,0,0.0,0.0
2017,카페다빈치,카페다빈치(cafe davinci),제이에이치다빈치(주),8,1,0,0,1,0.125,0.0,172063,1.72063,226.9
2018,카페다빈치,카페다빈치,(주)다빈치,7,0,0,1,0,0.0,0.14285714285714285,147246,1.47246,251.7
2019,카페다빈치,카페다빈치,(주)다빈치,5,0,2,0,0,0.0,0.4,150355,1.50355,217.6
2020,카페다빈치,카페다빈치,(주)다빈치,4,0,0,1,0,0.0,0.25,144411,1.44411,18.5
2021,카페다빈치,카페다빈치,(주)다빈치,4,0,0,0,0,0.0,0.0,0,0.0,0.0
2022,카페다빈치,카페다빈치,(주)다빈치,4,0,0,0,0,0.0,0.0,0,0.0,0.0
2023,카페다빈치,카페다빈치,(주)다빈치,4,0,0,0,0,0.0,0.0,103482,1.03482,187.5
2022,카페달링,카페달링,카페달링,8,8,0,0,0,1.0,0.0,0,0.0,0.0
2023,카페달링,카페달링,카페달링,11,7,4,0,1,0.6363636363636364,0.36363636363636365,557673,5.57673,4182.5
2024,카페달링,카페달링,카페달링,12,2,1,0,0,0.16666666666666666,0.08333333333333333,540094,5.40094,3832.9
2017,카페데베르,카페데베르,(주)카페데베르,3,0,0,0,0,0.0,0.0,0,0.0,0.0
2018,카페데베르,카페데베르,(주)카페데베르,3,1,0,0,0,0.3333333333333333,0.0,0,0.0,0.0
2019,카페데베르,카페데베르,(주)카페데베르,3,0,0,0,0,0.0,0.0,0,0.0,0.0
2020,카페데베르,카페데베르,(주)카페데베르,2,0,0,1,0,0.0,0.5,0,0.0,0.0
2021,카페데베르,카페데베르,(주)카페데베르,2,0,0,0,0,0.0,0.0,0,0.0,0.0
2022,카페데베르,카페데베르,(주)카페데베르,2,0,0,0,0,0.0,0.0,0,0.0,0.0
2023,카페데베르,카페데베르,(주)카페데베르,2,0,0,0,0,0.0,0.0,282992,2.82992,647.5
2024,카페데베르,카페데베르,(주)카페데베르,2,0,0,0,0,0.0,0.0,268103,2.68103,613.5
2017,카페데코믹스,카페데코믹스(CAFE de COMICS),(주)두박,3,3,0,0,0,1.0,0.0,0,0.0,0.0
2018,카페데코믹스,카페데코믹스(CAFE de COMICS),(주)두박,4,1,0,0,0,0.25,0.0,0,0.0,0.0
2017,카페데플뢰르,카페데플뢰르,(주)케이제이씨앤씨,9,4,2,2,0,0.4444444444444444,0.4444444444444444,65255,0.65255,251.0
2018,카페데플뢰르,카페데플뢰르,(주)케이제이씨앤씨,6,0,3,0,0,0.0,0.5,0,0.0,0.0
2017,카페도헤이 왕의커피,카페도헤이 왕의커피,(주)카페도헤이,6,6,0,0,0,1.0,0.0,0,0.0,0.0
2018,카페도헤이 왕의커피,카페도헤이 왕의커피,(주)카페도헤이,12,6,0,0,0,0.5,0.0,64810,0.6481,280.0
2019,카페도헤이 왕의커피,카페도헤이 왕의커피,(주)카페도헤이,12,3,3,0,4,0.25,0.25,73761,0.73761,336.0
2020,카페도헤이 왕의커피,카페도헤이 왕의커피,(주)카페도헤이,17,6,1,0,0,0.35294117647058826,0.058823529411764705,85863,0.85863,401.8
2021,카페도헤이왕의커피,카페도헤이왕의커피,(주)카페도헤이,9,0,6,0,2,0.0,0.6666666666666666,80024,0.80024,374.4
2022,카페도헤이왕의커피,카페도헤이왕의커피,(주)카페도헤이,7,0,1,1,1,0.0,0.2857142857142857,91007,0.91007,461.9
2023,카페도헤이왕의커피,카페도헤이왕의커피,(주)카페도헤이,5,0,2,0,1,0.0,0.4,67944,0.67944,308.3
2024,카페도헤이왕의커피,카페도헤이왕의커피,(주)카페도헤이,4,0,1,0,0,0.0,0.25,56776,0.56776,279.8
2021,카페동네,카페동네,(주)엘케이디앤,4,1,0,0,0,0.25,0.0,0,0.0,0.0
2022,카페동네,카페동네,(주)엘케이디앤,19,15,0,0,0,0.7894736842105263,0.0,284715,2.84715,956.1
2023,카페동네,카페동네,(주)엘케이디앤,27,9,1,0,1,0.3333333333333333,0.037037037037037035,278277,2.78277,771.1
2024,카페동네,카페동네,(주)엘케이디앤,28,5,4,0,2,0.17857142857142858,0.14285714285714285,229437,2.29437,625.0
2022,카페두지익스프레스,카페두지익스프레스,제이에스컴퍼니,2,2,0,0,0,1.0,0.0,0,0.0,0.0
2023,카페두지익스프레스,카페두지익스프레스,제이에스컴퍼니,1,0,1,0,0,0.0,1.0,0,0.0,0.0
2017,카페드림,카페드림,(주)더드림홀딩스,5,0,0,5,0,0.0,1.0,0,0.0,0.0
2018,카페드림,카페드림,(주)더드림홀딩스,4,0,0,1,0,0.0,0.25,0,0.0,0.0
2019,카페드림,카페드림,(주)더드림홀딩스,4,2,0,2,0,0.5,0.5,0,0.0,0.0
2020,카페드림,카페드림,(주)더드림홀딩스,3,0,0,1,0,0.0,0.3333333333333333,0,0.0,0.0
2017,카페디아떼,카페디아떼(Caffe D&#39;ate),(주)바바코리아,1,1,0,0,0,1.0,0.0,0,0.0,0.0
2018,카페디아떼,카페디아떼(Caffe D&#39;ate),(주)바바코리아,2,1,0,0,0,0.5,0.0,0,0.0,0.0
2019,카페뚤레,카페뚤레,(주)카페뚤레(cafeTule),13,13,0,0,0,1.0,0.0,62655,0.62655,417.7
2019,카페띠아모,카페띠아모,(주)베모스,130,4,0,22,9,0.03076923076923077,0.16923076923076924,147126,1.47126,539.8
2020,카페띠아모,카페띠아모,(주)베모스,114,1,0,17,11,0.008771929824561403,0.14912280701754385,154308,1.54308,582.0
2021,카페띠아모,카페띠아모,(주)베모스,98,7,0,23,3,0.07142857142857142,0.23469387755102042,90685,0.90685,345.9
2022,카페띠아모,카페띠아모,(주)베모스,72,0,0,26,2,0.0,0.3611111111111111,59141,0.59141,214.5
2019,카페라떼르,카페라떼르,(주)트루프렌드에프앤씨,17,0,0,2,1,0.0,0.11764705882352941,104769,1.04769,267.7
2020,카페라떼르,카페라떼르,(주)커먼파트너스,15,0,2,0,0,0.0,0.13333333333333333,87210,0.8721,187.5
2018,카페라미떼, 카페라미떼(cafe LAMITTE),정명F/B,6,2,0,0,0,0.3333333333333333,0.0,65598,0.65598,678.3
2021,카페라이더,카페라이더,(주)지로스터,7,7,0,0,0,1.0,0.0,0,0.0,0.0
2022,카페라이더,카페라이더,(주)지로스터,17,10,0,0,0,0.5882352941176471,0.0,183675,1.83675,414.0
2024,카페락온,카페락온,(주)여유와즐거움,1,1,0,0,0,1.0,0.0,166497,1.66497,1206.5
2022,카페레게노,카페레게노,카페레게노,3,3,0,0,0,1.0,0.0,0,0.0,0.0
2022,카페로즈비카,카페로즈비카,카페로즈비카,1,1,0,0,0,1.0,0.0,0,0.0,0.0
2023,카페로즈비카,카페로즈비카,카페로즈비카,1,0,0,0,0,0.0,0.0,0,0.0,0.0
2024,카페로즈비카,카페로즈비카,카페로즈비카,1,0,0,0,0,0.0,0.0,60474,0.60474,336.0
2017,카페루앤비,카페루앤비,(주)루앤비,95,48,14,0,3,0.5052631578947369,0.14736842105263157,66709,0.66709,584.8
2018,카페루앤비,카페루앤비,(주)루앤비,99,21,15,10,7,0.21212121212121213,0.25252525252525254,61939,0.61939,409.3
2019,카페루앤비,카페루앤비,(주)루앤비,91,17,14,12,2,0.18681318681318682,0.2857142857142857,58890,0.5889,492.6
2020,카페루앤비,카페루앤비,(주)루앤비,81,17,27,0,6,0.20987654320987653,0.3333333333333333,61010,0.6101,387.3
2021,카페루앤비,카페루앤비,(주)루앤비,81,14,14,0,0,0.1728395061728395,0.1728395061728395,56365,0.56365,356.6
2022,카페루앤비,카페루앤비,(주)루앤비,64,0,17,0,1,0.0,0.265625,16383,0.16383,106.6
2023,카페루앤비,카페루앤비,(주)루앤비,55,10,19,0,0,0.18181818181818182,0.34545454545454546,56668,0.56668,417.9
2017,카페리빈,카페리빈,(주)리빈코리아,14,6,1,0,0,0.42857142857142855,0.07142857142857142,153124,1.53124,1191.2
2018,카페리빈,카페리빈,(주)리빈코리아,14,3,3,0,1,0.21428571428571427,0.21428571428571427,104545,1.04545,785.4
2019,카페리빈,카페리빈,(주)리빈코리아,18,5,0,1,2,0.2777777777777778,0.05555555555555555,150383,1.50383,733.1
2020,카페리빈,카페리빈,(주)리빈코리아,19,6,5,0,2,0.3157894736842105,0.2631578947368421,115738,1.15738,445.4
2021,카페리빈,카페리빈,(주)리빈코리아,16,1,4,0,1,0.0625,0.25,104161,1.04161,437.3
2022,카페리빈,카페리빈,(주)리빈코리아,16,3,3,0,0,0.1875,0.1875,100737,1.00737,463.6
2024,카페리빈,카페리빈,(주)리빈코리아,12,0,1,0,0,0.0,0.08333333333333333,94739,0.94739,430.0
2022,카페마엔코,카페마엔코,카페마엔코,1,1,0,0,0,1.0,0.0,0,0.0,0.0
2021,카페마차,카페마차(Cafe Macha) ,카페티,2,2,0,0,0,1.0,0.0,0,0.0,0.0
2024,카페마타마타,카페마타마타,카페마타마타,5,5,0,0,0,1.0,0.0,94508,0.94508,798.2
2023,카페만월경,카페만월경,(주)만월경,19,0,2,0,0,0.0,0.10526315789473684,43038,0.43038,424.0
2024,카페만월경,카페만월경,(주)만월경,202,125,6,0,0,0.6188118811881188,0.0297029702970297,49394,0.49394,566.8
2018,카페몽테이너,카페몽테이너,유앤아이컴퍼니,3,3,0,0,0,1.0,0.0,0,0.0,0.0
2021,카페바움,카페바움(KAFFEE BAUM),(주)더바움코리아,16,4,1,0,0,0.25,0.0625,173683,1.73683,1180.4
2022,카페바움,카페바움(KAFFEE BAUM),(주)더바움코리아,20,4,0,0,0,0.2,0.0,219289,2.19289,1515.8
2023,카페바움,카페바움(KAFFEE BAUM),(주)더바움코리아,17,1,0,4,0,0.058823529411764705,0.23529411764705882,186794,1.86794,1867.9
2024,카페바움,카페바움(KAFFEE BAUM),(주)더바움코리아,10,0,7,0,0,0.0,0.7,234022,2.34022,1831.5
2017,카페베네,카페베네,(주)카페베네,681,44,184,0,71,0.06461086637298091,0.2701908957415565,249550,2.4955,1068.9
2018,카페베네,카페베네,(주)카페베네,523,19,177,0,38,0.036328871892925434,0.3384321223709369,226503,2.26503,988.4
2019,카페베네,카페베네,(주)카페베네,354,16,185,0,30,0.04519774011299435,0.5225988700564972,205548,2.05548,418.3
2020,카페베네,카페베네,(주)카페베네,314,23,63,0,32,0.0732484076433121,0.20063694267515925,196464,1.96464,395.9
2021,카페베네,카페베네,(주)카페베네,279,13,48,0,13,0.04659498207885305,0.17204301075268819,155709,1.55709,317.7
2022,카페베네,카페베네,(주)카페베네,236,10,53,0,12,0.0423728813559322,0.2245762711864407,135168,1.35168,281.2
2023,카페베네,카페베네,(주)카페베네,168,12,80,0,4,0.07142857142857142,0.47619047619047616,0,0.0,0.0
2024,카페베네,카페베네,(주)카페베네,119,3,50,0,4,0.025210084033613446,0.42016806722689076,189185,1.89185,406.0
2017,카페보그너,카페보그너,(주)농업회사법인 보그너,17,2,7,0,0,0.11764705882352941,0.4117647058823529,14173,0.14173,60.1
2017,카페보노,카페보노,(주)보노코리아 ,27,3,5,0,1,0.1111111111111111,0.18518518518518517,193881,1.93881,237.8
2018,카페보노,카페보노,(주)보노코리아,22,1,6,0,0,0.045454545454545456,0.2727272727272727,186709,1.86709,252.8
2017,카페보니또,카페보니또,에스프레소코리아(주),37,6,1,0,0,0.16216216216216217,0.02702702702702703,0,0.0,0.0
2018,카페보니또,카페보니또,에스프레소코리아(주),36,1,2,0,0,0.027777777777777776,0.05555555555555555,0,0.0,0.0
2019,카페보니또,카페보니또,에스프레소코리아(주),36,4,3,1,6,0.1111111111111111,0.1111111111111111,113552,1.13552,264.1
2020,카페보니또,카페보니또,에스프레소코리아(주),32,2,4,2,2,0.0625,0.1875,139152,1.39152,392.5
2021,카페보니또,카페보니또,에스프레소코리아(주),30,1,1,2,0,0.03333333333333333,0.1,128807,1.28807,319.7
2022,카페보니또,카페보니또,에스프레소코리아(주),25,2,5,2,0,0.08,0.28,140199,1.40199,349.2
2023,카페보니또,카페보니또,에스프레소코리아(주),21,0,0,4,1,0.0,0.19047619047619047,171351,1.71351,439.4
2024,카페보니또,카페보니또,에스프레소코리아(주),19,1,0,3,1,0.05263157894736842,0.15789473684210525,203616,2.03616,496.8
2019,카페보스,카페보스(CAFE BOSS),(주)카페보스,2,2,0,0,0,1.0,0.0,0,0.0,0.0
2020,카페보스,카페보스(CAFE BOSS),(주)카페보스,2,0,0,0,0,0.0,0.0,0,0.0,0.0
2021,카페보스,카페보스(CAFE BOSS),(주)카페보스,5,4,1,0,2,0.8,0.2,0,0.0,0.0
2022,카페보스,카페보스(CAFE BOSS),(주)카페보스,27,23,1,0,5,0.8518518518518519,0.037037037037037035,99210,0.9921,464.1
2023,카페보스,카페보스(CAFE BOSS),(주)카페보스,37,15,5,0,5,0.40540540540540543,0.13513513513513514,107960,1.0796,584.1
2024,카페보스,카페보스(CAFE BOSS),(주)리라인,42,23,16,2,4,0.5476190476190477,0.42857142857142855,108203,1.08203,674.1
2023,카페봄봄,카페봄봄,(주)봄봄,419,100,51,0,10,0.2386634844868735,0.12171837708830549,181625,1.81625,1639.0
2024,카페봄봄,카페봄봄,(주)카페봄봄,430,78,64,3,0,0.1813953488372093,0.1558139534883721,176617,1.76617,1532.1
2018,카페브라우니30,카페브라우니30(CAFE BROWNY30),(주)브라우니30,1,1,0,0,0,1.0,0.0,0,0.0,0.0
2019,카페브라우니30,카페브라우니30(CAFE BROWNY30),(주)브라우니30,3,2,0,0,0,0.6666666666666666,0.0,0,0.0,0.0
2020,카페브라우니30,카페브라우니30(CAFE BROWNY30),(주)브라우니30,3,0,0,0,1,0.0,0.0,175784,1.75784,1036.1
2021,카페브라우니30,카페브라우니30(CAFE BROWNY30),(주)브라우니30,2,0,1,0,0,0.0,0.5,92230,0.9223,666.4
2022,카페브라우니30,카페브라우니30(CAFE BROWNY30),(주)브라우니30,3,1,0,0,0,0.3333333333333333,0.0,0,0.0,0.0
2023,카페브라우니30,카페브라우니30(CAFE BROWNY30),(주)브라우니30,1,0,2,0,0,0.0,2.0,69187,0.69187,432.4
2019,카페브루빈,카페브루빈(cafe BREWBEAN),(주)떼루와,2,2,0,0,0,1.0,0.0,0,0.0,0.0
2020,카페브루빈,카페브루빈(cafe BREWBEAN),(주)떼루와,1,0,1,0,0,0.0,1.0,0,0.0,0.0
2021,카페브루빈,카페브루빈(cafe BREWBEAN),(주)떼루와,1,0,1,0,0,0.0,1.0,0,0.0,0.0
2022,카페브루빈,카페브루빈(cafe BREWBEAN),(주)떼루와,1,0,0,0,0,0.0,0.0,0,0.0,0.0
2023,카페브루빈,카페브루빈(cafe BREWBEAN),(주)떼루와,1,0,0,0,0,0.0,0.0,0,0.0,0.0
2024,카페브루빈,카페브루빈(cafe BREWBEAN),(주)떼루와,1,0,0,0,0,0.0,0.0,0,0.0,0.0
2017,카페아모제,카페아모제,아모제푸드 주식회사,4,0,0,2,2,0.0,0.5,0,0.0,0.0
2017,카페아슬란,카페아슬란,(주)아슬란,1,1,0,0,0,1.0,0.0,0,0.0,0.0
2018,카페아슬란,카페아슬란,(주)아슬란,2,1,0,0,0,0.5,0.0,0,0.0,0.0
2019,카페아슬란,카페아슬란,(주)아슬란,2,1,0,1,0,0.5,0.5,0,0.0,0.0
2020,카페아슬란,카페아슬란,(주)아슬란,2,0,0,0,0,0.0,0.0,0,0.0,0.0
2021,카페아슬란,카페아슬란,(주)아슬란,3,1,0,0,1,0.3333333333333333,0.0,0,0.0,0.0
2023,카페아에,카페아에,(주)아에,24,11,2,0,4,0.4583333333333333,0.08333333333333333,201723,2.01723,2158.4
2023,카페아이엔지,카페아이엔지(CAFE ING),(주)로로,1,1,0,0,0,1.0,0.0,0,0.0,0.0
2024,카페아이엔지,카페아이엔지(CAFE ING),(주)로로,1,0,1,0,0,0.0,1.0,160912,1.60912,948.2
2017,카페아이엠티,카페아이엠티,(주)편안,31,9,5,0,0,0.2903225806451613,0.16129032258064516,221256,2.21256,1144.6
2018,카페아이엠티,카페아이엠티,(주)편안,32,7,6,0,0,0.21875,0.1875,165381,1.65381,892.7
2019,카페아이엠티,카페아이엠티,(주)편안,30,4,6,0,1,0.13333333333333333,0.2,179518,1.79518,892.3
2020,카페아이엠티,카페아이엠티,(주)편안,28,1,1,2,2,0.03571428571428571,0.10714285714285714,213857,2.13857,1067.2
2021,카페아이엠티,카페아이엠티,(주)편안,28,3,3,0,1,0.10714285714285714,0.10714285714285714,158097,1.58097,760.0
2022,카페아이엠티,카페아이엠티,(주)편안,28,2,2,0,1,0.07142857142857142,0.07142857142857142,206284,2.06284,1012.0
2023,카페아이엠티,카페아이엠티,(주)편안,15,2,5,1,1,0.13333333333333333,0.4,233220,2.3322,1069.1
2024,카페아이엠티,카페아이엠티,(주)편안,11,0,4,0,1,0.0,0.36363636363636365,302117,3.02117,1532.7
2020,"카페안시,스튜디오안시","카페안시,스튜디오안시","카페안시,스튜디오안시",1,1,0,0,0,1.0,0.0,0,0.0,0.0
2021,"카페안시,스튜디오안시","카페안시,스튜디오안시","카페안시,스튜디오안시",1,0,0,0,0,0.0,0.0,0,0.0,0.0
2017,카페앤스터프,카페앤스터프,카페앤스터프 체인본부,7,1,0,0,1,0.14285714285714285,0.0,132089,1.32089,200.6
2018,카페앤스터프,카페앤스터프,카페앤스터프체인본부,7,0,0,0,0,0.0,0.0,134626,1.34626,227.1
2019,카페앤스터프,카페앤스터프,카페앤스터프체인본부,6,0,0,1,1,0.0,0.16666666666666666,143221,1.43221,226.1
2020,카페앤스터프,카페앤스터프,카페앤스터프체인본부,1,0,0,5,0,0.0,5.0,0,0.0,0.0
2021,카페앤스터프,카페앤스터프,카페앤스터프체인본부,1,0,0,0,0,0.0,0.0,0,0.0,0.0
2022,카페앤스터프,카페앤스터프,카페앤스터프체인본부,1,0,0,0,0,0.0,0.0,0,0.0,0.0
2023,카페앤스터프,카페앤스터프,카페앤스터프체인본부,1,0,0,0,0,0.0,0.0,0,0.0,0.0
2024,카페앤스터프,카페앤스터프,카페앤스터프체인본부,1,0,0,0,0,0.0,0.0,0,0.0,0.0
2022,카페야,카페야(Cafe Yah),(주)비욘드더드림,1,1,0,0,0,1.0,0.0,0,0.0,0.0
2023,카페에뜨,카페에뜨,(주)카페에뜨,1,1,0,0,0,1.0,0.0,0,0.0,0.0
2017,카페에스파니,카페에스파니,(주)엠제이컴퍼니,15,0,0,0,0,0.0,0.0,81289,0.81289,398.5
2018,카페에스파니,카페에스파니,(주)에이치디컴퍼니,8,0,7,0,0,0.0,0.875,87333,0.87333,373.6
2019,카페에이븐,카페에이븐,(주)씨엘파미유,1,1,0,0,1,1.0,0.0,0,0.0,0.0
2024,카페온나,카페온나,(주)루이파트너스,4,4,0,0,0,1.0,0.0,0,0.0,0.0
2021,카페온유,카페온유,카페온유,2,2,0,0,0,1.0,0.0,0,0.0,0.0
2020,카페온화,카페온화,(주)카페온화,4,3,0,0,0,0.75,0.0,0,0.0,0.0
2021,카페온화,카페온화,(주)카페온화,3,2,0,0,0,0.6666666666666666,0.0,0,0.0,0.0
2023,카페온화,카페온화,(주)카페온화,7,0,0,0,0,0.0,0.0,408382,4.08382,613.7
2024,카페요아정,카페요아정,(주)트릴리언즈,15,10,0,0,0,0.6666666666666666,0.0,51568,0.51568,399.8
2022,카페우드진,카페우드진,(주)스테디웨이브,3,3,0,0,0,1.0,0.0,0,0.0,0.0
2017,카페원플러스원,카페원플러스원,(주)카페원플러스원,54,8,12,1,2,0.14814814814814814,0.24074074074074073,125010,1.2501,426.4
2018,카페원플러스원,카페원플러스원,(주)카페원플러스원,56,5,3,0,5,0.08928571428571429,0.05357142857142857,110681,1.10681,421.5
2019,카페원플러스원,카페원플러스원,(주)카페원플러스원,50,2,4,4,6,0.04,0.16,101340,1.0134,328.5
2020,카페원플러스원,카페원플러스원,(주)카페원플러스원,49,2,3,0,1,0.04081632653061224,0.061224489795918366,107182,1.07182,340.8
2021,카페원플러스원,카페원플러스원,(주)카페원플러스원,45,1,6,0,5,0.022222222222222223,0.13333333333333333,63635,0.63635,197.9
2022,카페원플러스원,카페원플러스원,(주)카페원플러스원,39,1,7,0,3,0.02564102564102564,0.1794871794871795,49725,0.49725,151.2
2017,카페육십오도씨,카페육십오도씨,(주)육십오도씨,10,1,1,0,0,0.1,0.1,153047,1.53047,503.2
2018,카페육십오도씨,카페육십오도씨,(주)육십오도씨,13,6,3,0,2,0.46153846153846156,0.23076923076923078,176386,1.76386,670.9
2023,카페율하온,카페율하온,카페율하온,7,7,0,0,0,1.0,0.0,0,0.0,0.0
2024,카페율하온,카페율하온,카페율하온,9,2,0,0,0,0.2222222222222222,0.0,112621,1.12621,1087.6
2022,카페이모야,카페이모야(cafe IMOYA),(주)지강플래닝,1,1,0,0,0,1.0,0.0,0,0.0,0.0
2023,카페이모야,카페이모야(cafe IMOYA),(주)지강플래닝,1,0,0,0,0,0.0,0.0,135392,1.35392,451.3
2024,카페인24,카페인24,(주)카페인24,35,35,0,0,0,1.0,0.0,65366,0.65366,751.1
2017,카페인버스,카페인버스,인버스에프앤비(주),5,3,1,0,1,0.6,0.2,74669,0.74669,175.8
2018,카페인버스,카페인버스,인버스에프앤비(주),5,0,0,0,0,0.0,0.0,177026,1.77026,417.0
2019,카페인버스,카페인버스,인버스에프앤비(주),4,0,1,0,2,0.0,0.25,0,0.0,0.0
2018,카페인중독,카페인중독,(주)중독컴퍼니,7,7,0,0,0,1.0,0.0,126976,1.26976,1533.0
2019,카페인중독,카페인중독,(주)중독컴퍼니,15,9,1,0,0,0.6,0.06666666666666667,157095,1.57095,1689.5
2020,카페인중독,카페인중독,(주)중독컴퍼니,35,25,3,2,2,0.7142857142857143,0.14285714285714285,144837,1.44837,1748.6
2021,카페인중독,카페인중독,(주)중독컴퍼니,75,45,3,2,6,0.6,0.06666666666666667,194356,1.94356,2053.0
2023,카페인중독,카페인중독,(주)중독컴퍼니,132,43,2,3,3,0.32575757575757575,0.03787878787878788,192858,1.92858,1639.4
2024,카페인중독,카페인중독,(주)중독컴퍼니,161,48,18,1,18,0.2981366459627329,0.11801242236024845,187789,1.87789,1428.2
2017,카페일루이스,카페일루이스,카페일루이스(주),46,5,1,9,0,0.10869565217391304,0.21739130434782608,0,0.0,0.0
2018,카페일루이스,카페일루이스,카페일루이스(주),41,1,0,6,2,0.024390243902439025,0.14634146341463414,0,0.0,0.0
2019,카페일루이스,카페일루이스,카페일루이스(주),36,6,8,0,3,0.16666666666666666,0.2222222222222222,97480,0.9748,512.4
2020,카페일루이스,카페일루이스,카페일루이스(주),36,3,3,0,2,0.08333333333333333,0.08333333333333333,22344,0.22344,117.2
2021,카페일루이스,카페일루이스,카페일루이스(주),36,3,3,0,0,0.08333333333333333,0.08333333333333333,46801,0.46801,229.9
2022,카페일루이스,카페일루이스,카페마트(주),30,0,1,5,3,0.0,0.2,39509,0.39509,196.0
2023,카페일루이스,카페일루이스,카페마트(주),27,0,0,3,0,0.0,0.1111111111111111,44206,0.44206,226.2
2024,카페일루이스,카페일루이스,카페마트(주),22,1,6,0,0,0.045454545454545456,0.2727272727272727,39088,0.39088,58941.3
2023,카페일리터,카페일리터,카페일리터,73,21,0,8,0,0.2876712328767123,0.1095890410958904,130892,1.30892,1071.2
2024,카페일리터,카페일리터,(주)카페일리터,98,28,1,2,3,0.2857142857142857,0.030612244897959183,181615,1.81615,1468.1
2023,카페일분,카페일분,(주)민성,98,86,1,0,0,0.8775510204081632,0.01020408163265306,40903,0.40903,467.5
2024,카페일분,카페일분,(주)민성,114,29,10,3,0,0.2543859649122807,0.11403508771929824,39988,0.39988,445.8
2017,카페잇,카페잇,(주)이에이티,2,0,0,3,0,0.0,1.5,0,0.0,0.0
2024,카페점보캔,카페점보캔,카페점보,3,3,0,0,0,1.0,0.0,0,0.0,0.0
2022,카페제곱,카페제곱,(주)제곱컴퍼니,4,4,0,0,0,1.0,0.0,0,0.0,0.0
2023,카페제곱,카페제곱,(주)제곱컴퍼니,4,0,0,0,1,0.0,0.0,0,0.0,0.0
2022,카페진리,카페진리,(주)진리,3,3,0,0,0,1.0,0.0,213479,2.13479,318.6
2023,카페진리,카페진리,(주)진리,3,1,1,0,0,0.3333333333333333,0.3333333333333333,193000,1.93,288.0
2020,카페천국,카페천국,카페천국,2,2,0,0,0,1.0,0.0,0,0.0,0.0
2021,카페천국,카페천국,(주)더홍,16,14,0,0,0,0.875,0.0,335931,3.35931,2301.9
2022,카페천국,카페천국,(주)더홍,29,18,5,0,0,0.6206896551724138,0.1724137931034483,265091,2.65091,1794.6
2023,카페천국,카페천국,(주)더홍,21,1,3,6,6,0.047619047619047616,0.42857142857142855,262984,2.62984,1775.7
2024,카페초가오,카페초가오,카페초가오,1,1,0,0,0,1.0,0.0,66000,0.66,1100.0
2017,카페코나퀸즈,카페코나퀸즈,카페코나퀸즈(주),9,4,0,1,0,0.4444444444444444,0.1111111111111111,277738,2.77738,496.0
2018,카페코나퀸즈,카페코나퀸즈,카페코나퀸즈(주),15,7,0,1,0,0.4666666666666667,0.06666666666666667,210634,2.10634,400.1
2019,카페코나퀸즈,카페코나퀸즈,카페코나퀸즈(주),9,0,4,2,0,0.0,0.6666666666666666,211034,2.11034,393.2
2020,카페코나퀸즈,카페코나퀸즈,카페코나퀸즈(주),10,4,2,1,0,0.4,0.3,281150,2.8115,454.2
2021,카페코나퀸즈,카페코나퀸즈,카페코나퀸즈(주),10,0,0,0,0,0.0,0.0,236380,2.3638,580.1
2022,카페코나퀸즈,카페코나퀸즈,카페코나퀸즈(주),8,0,0,2,0,0.0,0.25,197638,1.97638,327.4
2023,카페코나퀸즈,카페코나퀸즈,카페코나퀸즈(주),7,0,1,0,0,0.0,0.14285714285714285,117888,1.17888,287.5
2024,카페코나퀸즈,카페코나퀸즈,카페코나퀸즈(주),4,0,0,3,0,0.0,0.75,204971,2.04971,539.4
2020,카페코지,카페코지,(주)카페코지,10,10,0,0,0,1.0,0.0,0,0.0,0.0
2021,카페코지,카페코지,(주)카페코지,36,35,9,0,0,0.9722222222222222,0.25,61362,0.61362,523.2
2022,카페코지,카페코지,(주)카페코지,41,9,4,0,5,0.21951219512195122,0.0975609756097561,55530,0.5553,353.6
2024,카페코지,카페코지,(주)카페코지,29,2,3,0,0,0.06896551724137931,0.10344827586206896,100229,1.00229,396.6
2019,카페텀블러,카페텀블러,(주)청담페스틴팩토리,3,3,0,0,0,1.0,0.0,0,0.0,0.0
2023,카페텅,카페텅(Cafe Tung),텅스테이지,1,1,0,0,0,1.0,0.0,0,0.0,0.0
2024,카페텅,카페텅(Cafe Tung),텅스테이지,1,1,1,0,0,1.0,1.0,0,0.0,0.0
2017,카페투웰브피엠,카페투웰브피엠,(주)풍작,4,0,1,0,0,0.0,0.25,0,0.0,0.0
2018,카페투웰브피엠,카페투웰브피엠,(주)풍작,3,0,1,0,0,0.0,0.3333333333333333,0,0.0,0.0
2022,카페투이,카페투이,농업회사법인투이(주),3,1,0,0,1,0.3333333333333333,0.0,0,0.0,0.0
2023,카페투이,카페투이,농업회사법인투이(주),4,3,0,1,0,0.75,0.25,0,0.0,0.0
2017,카페티아이엠,카페티아이엠,(주)에스에이치리테일,16,13,1,0,0,0.8125,0.0625,106110,1.0611,783.4
2017,카페파머스,카페파머스,(주)파머스코리아,4,2,0,0,1,0.5,0.0,0,0.0,0.0
2020,카페판다,카페판다,(주)카페판다,4,4,0,0,0,1.0,0.0,0,0.0,0.0
2021,카페판다,카페판다,(주)카페판다,10,5,0,1,0,0.5,0.1,64048,0.64048,319.6
2017,카페프런치,카페프런치,프런치코리아,6,1,3,0,0,0.16666666666666666,0.5,166473,1.66473,344.2
2018,카페프런치,카페프런치,프런치코리아,4,0,2,0,0,0.0,0.5,0,0.0,0.0
2024,카페프리헷,카페프리헷,(주)카페프리헷,104,0,0,0,2,0.0,0.0,58490,0.5849,584.3
2018,카페플라타너스,카페플라타너스(PLATANUS),(주)세화에프앤씨,7,2,0,1,0,0.2857142857142857,0.14285714285714285,78235,0.78235,481.7
2019,카페플라타너스,카페플라타너스(PLATANUS),(주)세화에프앤씨,6,0,1,0,0,0.0,0.16666666666666666,89815,0.89815,540.9
2018,카페홀릭,카페홀릭(CAFE HOLIC),(주)카페홀릭,6,5,0,1,0,0.8333333333333334,0.16666666666666666,118579,1.18579,1341.9
2019,카페홀릭,카페홀릭(CAFE HOLIC),(주)카페홀릭,8,3,0,1,1,0.375,0.125,116494,1.16494,2009.7
2020,카페홀릭,카페홀릭(CAFE HOLIC),(주)카페홀릭,8,0,0,0,0,0.0,0.0,117152,1.17152,1898.6
2021,카페홀릭,카페홀릭,(주)카페홀릭,4,1,0,5,0,0.25,1.25,0,0.0,0.0
2024,카페홈즈,카페홈즈(Cafe Homes),(주)카페홈즈,12,11,0,0,1,0.9166666666666666,0.0,345782,3.45782,2702.3
2022,카페홍,카페홍(CAPHE HOANG),엠아이비코리아,6,6,0,0,0,1.0,0.0,13897,0.13897,63.1
2023,카페홍,카페홍(CAPHE HOANG),엠아이비코리아,6,0,0,0,0,0.0,0.0,14041,0.14041,64.8
2024,카페홍,카페홍(CAPHE HOANG),엠아이비코리아,3,0,0,3,0,0.0,1.0,0,0.0,0.0
2021,카페희다,카페희다,(주)희다,2,2,0,0,0,1.0,0.0,0,0.0,0.0
2022,카페희다,카페희다,(주)희다,11,9,0,0,0,0.8181818181818182,0.0,265705,2.65705,1700.5
2023,카페희다,카페희다,(주)희다,33,23,1,0,1,0.696969696969697,0.030303030303030304,228337,2.28337,1244.8
2024,카페희다,카페희다,(주)희다,23,4,2,12,0,0.17391304347826086,0.6086956521739131,196261,1.96261,941.7
2024,칸토,칸토(KANTO),칸토(KANTO),5,5,0,0,0,1.0,0.0,78011,0.78011,312.0
2024,캐롤커피,캐롤커피,(주)나무기획,3,3,0,0,0,1.0,0.0,0,0.0,0.0
2017,캐틀앤비,캐틀앤비,레어버드컴퍼니(주),3,0,0,7,0,0.0,2.3333333333333335,0,0.0,0.0
2018,캐틀앤비,캐틀앤비,레어버드컴퍼니(주),3,0,0,0,0,0.0,0.0,0,0.0,0.0
2019,캔카페,캔카페,"예스유캔에프앤비(Yes,youcanF&amp;B)(캔카페)",2,2,0,0,0,1.0,0.0,0,0.0,0.0
2020,캔카페,캔카페,"예스유캔에프앤비(Yes,youcanF&amp;B)(캔카페)",12,12,0,0,0,1.0,0.0,22112,0.22112,221.1
2022,캔카페,캔카페,(주)추앤서에프앤비,12,2,2,1,0,0.16666666666666666,0.25,77058,0.77058,463.5
2023,캔카페,캔카페,(주)추앤서에프앤비,6,1,6,1,0,0.16666666666666666,1.1666666666666667,70157,0.70157,489.1
2024,캔카페,캔카페,(주)추앤서에프앤비,2,0,4,0,0,0.0,2.0,40909,0.40909,198.5
2024,커슐랭,커슐랭,커슐랭영동점,2,1,0,0,0,0.5,0.0,200000,2.0,2000.0
2020,커스텀커피,커스텀커피,(주)커스텀커피,8,3,1,0,1,0.375,0.125,107295,1.07295,657.9
2021,커스텀커피,커스텀커피,(주)커스텀커피,8,1,1,0,0,0.125,0.125,156483,1.56483,806.5
2022,커스텀커피,커스텀커피,(주)커스텀커피,52,44,0,0,1,0.8461538461538461,0.0,253117,2.53117,1391.3
2023,커스텀커피,커스텀커피,(주)커스텀커피,109,58,1,0,6,0.5321100917431193,0.009174311926605505,212198,2.12198,1347.6
2024,커스텀커피,커스텀커피,(주)커스텀커피,112,10,6,1,13,0.08928571428571429,0.0625,187050,1.8705,1088.3
2023,커피 로드뷰,커피 로드뷰,(유)올드브릭컴퍼니,5,5,0,0,0,1.0,0.0,308608,3.08608,1341.8
2024,커피 로드뷰,커피 로드뷰,유한회사올드브릭컴퍼니,11,6,0,0,0,0.5454545454545454,0.0,367624,3.67624,1159.7
2018,커피101스트릿,커피101스트릿(COFFEE 101 STREET),엠제이코리아,8,5,0,0,0,0.625,0.0,162411,1.62411,647.1
2019,커피101스트릿,커피101스트릿(COFFEE 101 STREET),㈜커피101스트릿,11,3,0,0,0,0.2727272727272727,0.0,247755,2.47755,1131.4
2020,커피101스트릿,커피101스트릿(COFFEE 101 STREET),㈜커피101스트릿,15,4,0,0,1,0.26666666666666666,0.0,168016,1.68016,752.0
2021,커피101스트릿,커피101스트릿(COFFEE 101 STREET),㈜커피101스트릿,15,4,1,0,0,0.26666666666666666,0.06666666666666667,181510,1.8151,721.6
2022,커피101스트릿,커피101스트릿(COFFEE 101 STREET),㈜커피101스트릿,19,5,1,0,1,0.2631578947368421,0.05263157894736842,154189,1.54189,567.5
2024,커피101스트릿,커피101스트릿(COFFEE 101 STREET),㈜커피101스트릿,15,1,0,5,0,0.06666666666666667,0.3333333333333333,144377,1.44377,464.2
2017,커피가예쁘다,커피가예쁘다,커피가예쁘다,9,1,0,0,0,0.1111111111111111,0.0,0,0.0,0.0
2018,커피가예쁘다,커피가예쁘다,BALENA SIX COFFEE COMPANY,8,1,2,0,1,0.125,0.25,0,0.0,0.0
2019,커피가예쁘다,커피가예쁘다,BALENASIXCOFFEECOMPANY,7,1,2,0,0,0.14285714285714285,0.2857142857142857,135043,1.35043,363.3
2020,커피가예쁘다,커피가예쁘다,BALENASIXCOFFEECOMPANY,6,1,2,0,0,0.16666666666666666,0.3333333333333333,131668,1.31668,337.6
2021,커피가예쁘다,커피가예쁘다,BALENASIXCOFFEECOMPANY,6,0,0,0,1,0.0,0.0,94819,0.94819,264.6
2021,커피기업,커피기업,(주)티제이커피기업,6,6,0,0,0,1.0,0.0,0,0.0,0.0
2022,커피기업,커피기업,(주)티제이커피기업,12,6,0,0,2,0.5,0.0,305279,3.05279,1862.8
2023,커피기업,커피기업,(주)티제이커피기업,15,3,0,0,0,0.2,0.0,255725,2.55725,1506.0
2024,커피기업,커피기업,(주)티제이커피기업,17,3,0,1,1,0.17647058823529413,0.058823529411764705,278331,2.78331,1623.3
2018,커피나뜨래,커피나뜨래,커피나뜨래,10,0,0,0,0,0.0,0.0,42395,0.42395,283.2
2020,커피나뜨래,커피나뜨래,커피나뜨래,27,1,2,1,0,0.037037037037037035,0.1111111111111111,37136,0.37136,226.9
2021,커피나뜨래,커피나뜨래,커피나뜨래,20,0,0,7,0,0.0,0.35,83010,0.8301,507.2
2022,커피나뜨래,커피나뜨래,커피나뜨래,20,0,0,0,0,0.0,0.0,78693,0.78693,465.0
2023,커피나뜨래,커피나뜨래,커피나뜨래,10,0,6,4,0,0.0,1.0,88789,0.88789,597.9
2017,커피나무,커피나무,(주)커피나무,36,17,1,0,1,0.4722222222222222,0.027777777777777776,229125,2.29125,891.8
2018,커피나무,커피나무,(주)커피나무,45,13,4,0,9,0.28888888888888886,0.08888888888888889,222887,2.22887,877.0
2019,커피나무,커피나무,(주)커피나무,47,4,2,0,4,0.0851063829787234,0.0425531914893617,229314,2.29314,797.0
2020,커피나무,커피나무,(주)커피나무,46,7,8,0,6,0.15217391304347827,0.17391304347826086,208784,2.08784,632.0
2021,커피나무,커피나무,(주)커피나무,46,4,5,0,1,0.08695652173913043,0.10869565217391304,166045,1.66045,490.9
2022,커피나무,커피나무,(주)커피나무,38,0,8,0,0,0.0,0.21052631578947367,149735,1.49735,448.4
2024,커피나무,커피나무,(주)피앤파트너스,16,0,5,4,1,0.0,0.5625,153592,1.53592,444.7
2024,커피나인,커피나인,(주)커피나인컴퍼니,41,27,0,0,0,0.6585365853658537,0.0,104557,1.04557,699.3
2017,커피니,커피니(COFFEENIE),(주)커피니,117,32,14,0,10,0.27350427350427353,0.11965811965811966,160258,1.60258,515.8
2018,커피니,커피니(COFFEENIE),(주)커피니,118,15,14,0,8,0.1271186440677966,0.11864406779661017,166116,1.66116,501.4
2019,커피니,커피니(COFFEENIE),(주)커피니,119,16,17,0,11,0.13445378151260504,0.14285714285714285,168884,1.68884,533.3
2020,커피니,커피니(COFFEENIE),(주)커피니,109,7,17,0,9,0.06422018348623854,0.1559633027522936,168156,1.68156,522.0
2021,커피니,커피니(COFFEENIE),(주)커피니,87,1,23,0,5,0.011494252873563218,0.26436781609195403,138082,1.38082,418.1
2024,커피니,커피니(COFFEENIE),(주)커피니,53,2,18,0,6,0.03773584905660377,0.33962264150943394,157772,1.57772,1389.7
2022,커피다스1리터,커피다스1리터,㈜다다컴퍼니,31,22,0,0,0,0.7096774193548387,0.0,76259,0.76259,398.0
2023,커피다스1리터,커피다스1리터,㈜다다컴퍼니,29,8,6,4,1,0.27586206896551724,0.3448275862068966,67045,0.67045,1877.4
2024,커피다스1리터,커피다스1리터,㈜다다컴퍼니,15,1,14,1,1,0.06666666666666667,1.0,76070,0.7607,1669.6
2017,커피더캠프,커피더캠프,(주)커피더캠프,10,10,0,0,0,1.0,0.0,0,0.0,0.0
2018,커피더캠프,커피더캠프,(주)커피더캠프,24,14,0,0,3,0.5833333333333334,0.0,157345,1.57345,626.9
2019,커피더캠프,커피더캠프,(주)커피더캠프,21,2,4,1,3,0.09523809523809523,0.23809523809523808,128457,1.28457,1969.4
2020,커피더캠프,커피더캠프,(주)씨티씨피,17,1,0,7,0,0.058823529411764705,0.4117647058823529,144262,1.44262,2193.2
2021,커피더캠프,커피더캠프,(주)씨티씨피,16,0,0,1,1,0.0,0.0625,112646,1.12646,1689.6
2023,커피디셈버,커피디셈버,(주)양치기소년들,3,0,0,0,0,0.0,0.0,86664,0.86664,86.8
2017,커피디엔에이로스팅컴퍼니,커피디엔에이로스팅컴퍼니,글로매스(GLOMASS),4,2,0,0,0,0.5,0.0,0,0.0,0.0
2018,커피디엔에이로스팅컴퍼니,커피디엔에이로스팅컴퍼니,글로매스(GLOMASS),4,0,0,0,0,0.0,0.0,0,0.0,0.0
2024,커피라빈트,커피라빈트,에스앤알컴퍼니,5,1,0,0,0,0.2,0.0,52619,0.52619,123.3
2017,커피마마,커피마마,티에고(주),253,42,29,0,19,0.16600790513833993,0.11462450592885376,71846,0.71846,553.8
2018,커피마마,커피마마,티에고(주),244,27,32,4,17,0.11065573770491803,0.14754098360655737,79844,0.79844,514.9
2019,커피마마,커피마마,티에고(주),219,17,32,10,13,0.0776255707762557,0.1917808219178082,80935,0.80935,512.6
2020,커피마마,커피마마,티에고(주),206,16,18,11,13,0.07766990291262135,0.1407766990291262,87589,0.87589,525.9
2021,커피마마,커피마마,티에고(주),182,15,23,16,6,0.08241758241758242,0.21428571428571427,71841,0.71841,424.1
2022,커피마마,커피마마,티에고(주),154,1,20,9,10,0.006493506493506494,0.18831168831168832,62131,0.62131,366.9
2023,커피마마,커피마마,티에고(주),128,4,20,10,8,0.03125,0.234375,64240,0.6424,367.1
2024,커피마마,커피마마,티에고(주),108,2,12,10,4,0.018518518518518517,0.2037037037037037,70571,0.70571,379.7
2021,커피마마퀸,커피마마퀸,티에고(주),11,11,0,0,0,1.0,0.0,14174,0.14174,104.6
2017,커피만,커피만,(주)커피만컴퍼니,17,18,1,0,0,1.0588235294117647,0.058823529411764705,132239,1.32239,1363.7
2021,커피매거진,커피매거진,커피매거진본부,2,2,0,0,0,1.0,0.0,0,0.0,0.0
2022,커피매거진,커피매거진,커피매거진본부,3,1,0,0,0,0.3333333333333333,0.0,0,0.0,0.0
2023,커피매거진,커피매거진,커피매거진본부,3,0,0,0,0,0.0,0.0,0,0.0,0.0
2017,커피명가,커피명가,(주)커피명가,40,5,0,3,0,0.125,0.075,258837,2.58837,680.6
2018,커피명가,커피명가,(주)커피명가,40,2,0,2,0,0.05,0.05,236870,2.3687,627.7
2019,커피명가,커피명가,(주)커피명가,36,1,0,5,3,0.027777777777777776,0.1388888888888889,245100,2.451,545.8
2020,커피명가,커피명가,(주)커피명가,36,3,0,3,0,0.08333333333333333,0.08333333333333333,227722,2.27722,528.0
2021,커피명가,커피명가,(주)커피명가,36,3,0,3,0,0.08333333333333333,0.08333333333333333,182395,1.82395,406.8
2022,커피명가,커피명가,(주)커피명가,41,6,0,1,0,0.14634146341463414,0.024390243902439025,214054,2.14054,483.6
2023,커피명가,커피명가,(주)커피명가,40,1,0,2,0,0.025,0.05,223222,2.23222,443.9
2024,커피명가,커피명가,(주)커피명가,41,3,0,2,0,0.07317073170731707,0.04878048780487805,221110,2.2111,427.4
2024,커피무카24,커피무카24,24시셀프카페목2동점,25,6,1,1,0,0.24,0.08,0,0.0,0.0
2021,커피바이브,커피바이브,(주)에버리치에프앤비,1,1,0,0,0,1.0,0.0,0,0.0,0.0
2022,커피바이브,커피바이브,(주)에버리치에프앤비,1,0,0,0,0,0.0,0.0,0,0.0,0.0
2022,커피박스,커피박스,(주)이앤더블유,2,2,0,0,0,1.0,0.0,0,0.0,0.0
2017,커피베이,커피베이,사과나무(주),428,77,23,41,11,0.17990654205607476,0.14953271028037382,104654,1.04654,541.4
2018,커피베이,커피베이,사과나무(주),471,113,50,20,25,0.23991507430997877,0.14861995753715498,102992,1.02992,551.3
2019,커피베이,커피베이,(주)커피베이,539,148,28,52,22,0.274582560296846,0.14842300556586271,98368,0.98368,589.7
2020,커피베이,커피베이,(주)커피베이,597,147,27,62,13,0.24623115577889448,0.1490787269681742,99883,0.99883,480.3
2021,커피베이,커피베이,(주)커피베이,590,92,73,27,30,0.15593220338983052,0.1694915254237288,85271,0.85271,410.5
2022,커피베이,커피베이,(주)커피베이,577,78,77,14,26,0.13518197573656845,0.15771230502599654,102560,1.0256,476.0
2023,커피베이,커피베이,(주)커피베이,471,42,6,142,29,0.08917197452229299,0.31422505307855625,87008,0.87008,407.2
2024,커피베이,커피베이,(주)커피베이,377,24,24,94,14,0.0636604774535809,0.3129973474801061,78687,0.78687,376.1
2022,커피볶는시골커피,커피볶는시골커피,(주)재나컴퍼니,1,1,0,0,0,1.0,0.0,0,0.0,0.0
2023,커피볶는시골커피,커피볶는시골커피,(주)재나컴퍼니,5,4,0,0,0,0.8,0.0,185348,1.85348,1235.7
2024,커피볶는시골커피,커피볶는시골커피,(주)재나컴퍼니,10,5,0,0,0,0.5,0.0,181642,1.81642,1378.9
2017,커피볶는집,커피볶는집,(주)커피볶는집,2,2,0,0,0,1.0,0.0,148261,1.48261,247.3
2018,커피볶는집,커피볶는집,(주)커피볶는집,3,1,0,0,1,0.3333333333333333,0.0,125614,1.25614,186.2
2019,커피볶는집,커피볶는집,(주)커피볶는집,2,0,1,0,0,0.0,0.5,126199,1.26199,206.7
2020,커피볶는집,커피볶는집,(주)커피볶는집,3,1,0,0,0,0.3333333333333333,0.0,114558,1.14558,128.7
2021,커피볶는집,커피볶는집,(주)커피볶는집,3,0,0,0,0,0.0,0.0,91007,0.91007,102.2
2022,커피볶는집,커피볶는집,(주)커피볶는집,3,0,0,0,0,0.0,0.0,0,0.0,0.0
2023,커피볶는집,커피볶는집,(주)커피볶는집,4,1,0,0,0,0.25,0.0,76699,0.76699,251.4
2021,커피브라더,커피브라더,(주)브라더컴퍼니,8,8,0,0,0,1.0,0.0,196761,1.96761,749.4
2022,커피브라더,커피브라더,(주)브라더컴퍼니,19,11,0,0,3,0.5789473684210527,0.0,181839,1.81839,1207.0
2023,커피브라더,커피브라더,(주)브라더컴퍼니,18,2,3,0,1,0.1111111111111111,0.16666666666666666,210074,2.10074,1855.5
2018,커피사피엔스,커피사피엔스,커피사피엔스,3,3,0,0,0,1.0,0.0,0,0.0,0.0
2019,커피사피엔스,커피사피엔스,커피사피엔스,8,6,1,0,1,0.75,0.125,94194,0.94194,1153.3
2020,커피사피엔스,커피사피엔스,(주)커피사피엔스,13,6,1,0,1,0.46153846153846156,0.07692307692307693,112604,1.12604,1305.6
2021,커피사피엔스,커피사피엔스,(주)커피사피엔스,40,29,2,0,0,0.725,0.05,135957,1.35957,1536.2
2022,커피사피엔스,커피사피엔스,(주)커피사피엔스,55,17,2,0,7,0.3090909090909091,0.03636363636363636,177569,1.77569,1558.0
2023,커피사피엔스,커피사피엔스,(주)커피사피엔스,67,23,11,0,0,0.34328358208955223,0.16417910447761194,212389,2.12389,1689.8
2024,커피사피엔스,커피사피엔스,(주)커피사피엔스,81,20,0,6,15,0.24691358024691357,0.07407407407407407,205737,2.05737,1560.2
2020,커피셀러,커피셀러,커피셀러,3,3,0,0,0,1.0,0.0,0,0.0,0.0
2017,커피스미스,커피스미스,커피스미스에프씨(주),48,7,0,11,3,0.14583333333333334,0.22916666666666666,475608,4.75608,496.5
2022,커피스토아,커피스토아,㈜티엠컴퍼니,4,4,0,0,0,1.0,0.0,0,0.0,0.0
2023,커피스토아,커피스토아,㈜티엠컴퍼니,4,1,0,1,0,0.25,0.25,0,0.0,0.0
2024,커피스토아,커피스토아,㈜티엠컴퍼니,4,0,0,0,0,0.0,0.0,0,0.0,0.0
2021,커피스토어,커피스토어,(주)디아이디코리아,1,1,0,0,0,1.0,0.0,0,0.0,0.0
2022,커피스토어,커피스토어,(주)디아이디코리아드링크,10,9,0,0,0,0.9,0.0,0,0.0,0.0
2023,커피스토어,커피스토어,(주)디아이디코리아드링크,18,11,1,2,1,0.6111111111111112,0.16666666666666666,112063,1.12063,996.8
2024,커피스토어,커피스토어,(주)워너더블유,27,11,3,1,0,0.4074074074074074,0.14814814814814814,140702,1.40702,1256.2
2018,커피시장,커피시장,커피시장상동점,1,1,0,0,0,1.0,0.0,81229,0.81229,406.1
2019,커피시장,커피시장,커피시장상동점,1,0,0,0,0,0.0,0.0,69328,0.69328,346.6
2017,커피에반하다,커피에반하다,(주)커피에반하다,370,104,16,0,35,0.2810810810810811,0.043243243243243246,76024,0.76024,542.7
2018,커피에반하다,커피에반하다,(주)커피에반하다,457,109,22,0,57,0.23851203501094093,0.04814004376367615,71006,0.71006,542.6
2019,커피에반하다,커피에반하다,(주)커피에반하다,589,164,32,0,53,0.27843803056027167,0.05432937181663837,109480,1.0948,803.1
2020,커피에반하다,커피에반하다,(주)커피에반하다,688,155,56,0,55,0.22529069767441862,0.08139534883720931,109998,1.09998,782.7
2021,커피에반하다,커피에반하다,(주)커피에반하다,658,51,81,0,76,0.07750759878419453,0.12310030395136778,87859,0.87859,637.7
2022,커피에반하다,커피에반하다,(주)커피에반하다,553,34,139,0,48,0.06148282097649186,0.2513562386980108,77085,0.77085,550.3
2023,커피에반하다,커피에반하다,(주)커피에반하다,452,21,122,0,49,0.046460176991150445,0.26991150442477874,76265,0.76265,559.5
2024,커피에반하다,커피에반하다,(주)커피에반하다,349,13,116,0,32,0.03724928366762178,0.332378223495702,77006,0.77006,545.6
2018,커피온리,커피온리,(주)커피만컴퍼니,52,36,1,0,0,0.6923076923076923,0.019230769230769232,200879,2.00879,2154.4
2019,커피온리,커피온리,(주)커피만컴퍼니,108,61,5,0,5,0.5648148148148148,0.046296296296296294,212107,2.12107,2606.4
2020,커피온리,커피온리,(주)커피만컴퍼니,117,34,25,0,2,0.2905982905982906,0.21367521367521367,188011,1.88011,2481.7
2021,커피온리,커피온리,(주)커피만컴퍼니,104,6,19,0,6,0.057692307692307696,0.18269230769230768,139827,1.39827,1824.8
2024,커피온리,커피온리,(주)커피온리,35,1,0,15,0,0.02857142857142857,0.42857142857142855,90165,0.90165,1164.4
2018,커피왕,커피왕,(주)다다컴퍼니,23,23,0,0,0,1.0,0.0,117746,1.17746,884.9
2019,커피왕,커피왕,(주)다다컴퍼니,22,1,0,2,2,0.045454545454545456,0.09090909090909091,132702,1.32702,1017.2
2022,커피왕,커피왕,(주)다다컴퍼니,30,5,1,0,0,0.16666666666666666,0.03333333333333333,86724,0.86724,559.3
2023,커피왕,커피왕,(주)다다컴퍼니,28,2,4,0,2,0.07142857142857142,0.14285714285714285,101072,1.01072,704.3
2024,커피왕,커피왕,씨에스푸드,23,1,6,0,2,0.043478260869565216,0.2608695652173913,87262,0.87262,920.1
2017,커피인뉴욕,커피인뉴욕,(주)씨앤비컴퍼니,9,1,0,2,0,0.1111111111111111,0.2222222222222222,78500,0.785,654.1
2017,커피인더카툰,커피인더카툰,(주)휴링크에프씨,2,2,0,0,0,1.0,0.0,0,0.0,0.0
2022,커피인류,커피인류,커피인류팩토리,31,18,0,0,0,0.5806451612903226,0.0,246949,2.46949,1962.8
2023,커피인류,커피인류,커피인류팩토리,32,5,2,2,4,0.15625,0.125,226496,2.26496,2000.7
2017,커피인코나,커피인코나,(주)푸디아,5,0,0,3,0,0.0,0.6,76000,0.76,404.2
2018,커피인코나,커피인코나,(주)푸디아,5,0,0,0,0,0.0,0.0,31985,0.31985,170.1
2019,커피인코나,커피인코나,(주)푸디아,4,1,0,2,0,0.25,0.5,0,0.0,0.0
2017,커피코트,커피코트,(주)커피코트,5,5,0,0,0,1.0,0.0,0,0.0,0.0
2018,커피코트,커피코트,(주)커피코트,18,14,1,0,0,0.7777777777777778,0.05555555555555555,158569,1.58569,1169.5
2019,커피코트,커피코트,(주)커피코트,33,16,1,0,1,0.48484848484848486,0.030303030303030304,184773,1.84773,1487.1
2020,커피코트,커피코트,(주)커피코트,35,6,4,0,4,0.17142857142857143,0.11428571428571428,187676,1.87676,1502.6
2023,커피코트,커피코트,(주)피앤파트너스,11,0,0,10,0,0.0,0.9090909090909091,149754,1.49754,1071.9
2024,커피코트,커피코트,(주)피앤파트너스,8,0,0,3,1,0.0,0.375,159189,1.59189,1159.8
2017,커피펍스,커피펍스,(주)도남에프앤에프,4,4,0,0,0,1.0,0.0,0,0.0,0.0
2018,커피펍스,커피펍스,(주)도남에프앤에프,4,1,1,0,0,0.25,0.25,0,0.0,0.0
2019,커피펍스,커피펍스,(주)도남에프앤에프,3,0,1,0,0,0.0,0.3333333333333333,0,0.0,0.0
2020,커피펍스,커피펍스,(주)도남에프앤에프,2,0,1,0,0,0.0,0.5,49344,0.49344,107.3
2021,커피펍스,커피펍스,(주)도남에프앤에프,2,0,0,0,0,0.0,0.0,34056,0.34056,74.0
2022,커피펍스,커피펍스,(주)도남에프앤에프,2,0,0,0,0,0.0,0.0,0,0.0,0.0
2023,커피펍스,커피펍스,(주)도남에프앤에프,2,0,0,0,0,0.0,0.0,64543,0.64543,14.1
2024,커피펍스,커피펍스,(주)도남에프앤에프,1,0,1,0,0,0.0,1.0,80303,0.80303,191.2
2017,커피프린스,커피프린스,(주)커피프린스,1,0,4,0,0,0.0,4.0,0,0.0,0.0
2017,커피홀,커피홀(coffee hole),(자)동명식품 서울지점,34,4,12,0,0,0.11764705882352941,0.35294117647058826,123354,1.23354,795.1
2018,커피홀,커피홀(coffee hole),(자)동명식품서울지점,38,20,15,1,1,0.5263157894736842,0.42105263157894735,95427,0.95427,452.5
2019,커피홀,커피홀(coffee hole),(자)동명식품서울지점,25,6,9,6,1,0.24,0.6,99918,0.99918,484.6
2020,커피홀,커피홀(coffee hole),(자)동명식품서울지점,24,3,5,0,2,0.125,0.20833333333333334,77041,0.77041,363.9
2021,커피홀,커피홀(coffee hole),(자)동명식품서울지점,21,3,1,5,0,0.14285714285714285,0.2857142857142857,67315,0.67315,374.6
2022,커피홀,커피홀(coffee hole),(자)동명식품서울지점,17,1,3,0,0,0.058823529411764705,0.17647058823529413,62804,0.62804,286.4
2023,커피홀,커피홀(coffee hole),(자)동명식품서울지점,13,0,1,3,1,0.0,0.3076923076923077,63285,0.63285,331.3
2024,커피홀,커피홀(coffee hole),(주)커피홀,24,8,1,1,1,0.3333333333333333,0.08333333333333333,90703,0.90703,311.2
2017,커핀그루나루,커핀그루나루,(주)커핀그루나루,70,3,8,23,5,0.04285714285714286,0.44285714285714284,280506,2.80506,495.0
2018,커핀그루나루,커핀그루나루,(주)커핀그루나루,50,3,12,11,9,0.06,0.46,283412,2.83412,520.2
2019,커핀그루나루,커핀그루나루,(주)커핀그루나루,42,3,1,10,4,0.07142857142857142,0.2619047619047619,287321,2.87321,562.0
2020,커핀그루나루,커핀그루나루,(주)커핀그루나루,31,1,4,8,4,0.03225806451612903,0.3870967741935484,313025,3.13025,608.0
2021,커핀그루나루,커핀그루나루,(주)커핀그루나루,25,2,1,7,2,0.08,0.32,251079,2.51079,449.9
2022,커핀그루나루,커핀그루나루,(주)커핀그루나루,15,0,10,0,1,0.0,0.6666666666666666,201563,2.01563,360.9
2023,커핀그루나루,커핀그루나루,(주)커핀그루나루,9,1,4,3,0,0.1111111111111111,0.7777777777777778,305012,3.05012,533.0
2024,커핀그루나루,커핀그루나루,(주)커핀그루나루,3,0,5,1,0,0.0,2.0,112836,1.12836,290.3
2019,컬러인커피,컬러인커피,재영홀딩스,5,5,0,0,0,1.0,0.0,0,0.0,0.0
2020,컬러인커피,컬러인커피,재영홀딩스,9,4,0,0,0,0.4444444444444444,0.0,0,0.0,0.0
2021,컬러인커피,컬러인커피,재영홀딩스,9,0,0,0,0,0.0,0.0,0,0.0,0.0
2022,컬러인커피,컬러인커피,재영홀딩스,8,0,1,0,0,0.0,0.125,0,0.0,0.0
2023,컬러인커피,컬러인커피,재영홀딩스,5,0,3,0,0,0.0,0.6,0,0.0,0.0
2024,컬러인커피,컬러인커피,재영홀딩스,5,0,0,0,0,0.0,0.0,0,0.0,0.0
2017,컴포즈커피,컴포즈커피(COMPOSE COFFEE),(주)제이엠커피컴퍼니,93,55,2,0,12,0.5913978494623656,0.021505376344086023,239938,2.39938,1652.9
2018,컴포즈커피,컴포즈커피(COMPOSE COFFEE),(주)제이엠커피컴퍼니,146,53,0,0,9,0.363013698630137,0.0,254892,2.54892,1898.3
2019,컴포즈커피,컴포즈커피(COMPOSE COFFEE),(주)제이엠커피컴퍼니,214,74,0,6,21,0.34579439252336447,0.028037383177570093,241268,2.41268,1814.4
2020,컴포즈커피,컴포즈커피(COMPOSE COFFEE),(주)제이엠커피컴퍼니,384,175,0,5,26,0.4557291666666667,0.013020833333333334,260853,2.60853,1920.5
2021,컴포즈커피,컴포즈커피(COMPOSE COFFEE),(주)컴포즈커피,725,337,1,6,79,0.46482758620689657,0.009655172413793104,244885,2.44885,1815.1
2022,컴포즈커피,컴포즈커피(COMPOSE COFFEE),(주)컴포즈커피,1285,573,1,12,133,0.44591439688715956,0.010116731517509728,250746,2.50746,1788.6
2023,컴포즈커피,컴포즈커피(COMPOSE COFFEE),(주)컴포즈커피,1901,626,10,0,225,0.32930036822724884,0.0052603892688058915,253255,2.53255,1721.0
2024,컴포즈커피,컴포즈커피(COMPOSE COFFEE),(주)컴포즈커피,2360,474,15,0,338,0.20084745762711864,0.006355932203389831,265013,2.65013,2600.2
2018,케이엠엘리 갤러리카페,케이엠엘리 갤러리카페,(주)케이엠엘리,1,1,0,0,0,1.0,0.0,0,0.0,0.0
2019,케이엠엘리 갤러리카페,케이엠엘리 갤러리카페,(주)케이엠엘리,13,12,0,0,1,0.9230769230769231,0.0,46968,0.46968,200.9
2020,케이엠엘리 갤러리카페,케이엠엘리 갤러리카페,(주)케이엠엘리홀딩스,21,11,3,0,0,0.5238095238095238,0.14285714285714285,41389,0.41389,210.0
2021,케이엠엘리갤러리카페,케이엠엘리갤러리카페,(주)케이엠엘리홀딩스,25,8,4,0,0,0.32,0.16,139262,1.39262,669.8
2022,케이엠엘리갤러리카페,케이엠엘리갤러리카페,(주)케이엠엘리홀딩스,23,8,4,6,0,0.34782608695652173,0.43478260869565216,31177,0.31177,168.1
2023,케이엠엘리갤러리카페,케이엠엘리갤러리카페,(주)케이엠엘리홀딩스,21,0,2,0,1,0.0,0.09523809523809523,19737,0.19737,103.4
2024,케이엠엘리갤러리카페,케이엠엘리갤러리카페,(주)케이엠엘리홀딩스,13,0,8,0,0,0.0,0.6153846153846154,17225,0.17225,79.8
2020,켄커피, 켄커피,켄커피(본점),2,2,0,0,0,1.0,0.0,0,0.0,0.0
2021,켄커피, 켄커피,켄커피(본점),1,0,1,0,0,0.0,1.0,0,0.0,0.0
2020,코나헤이븐,코나헤이븐(KONA HAVEN),(주)코나헤이븐코리아,2,0,0,0,0,0.0,0.0,0,0.0,0.0
2017,코코부코,코코부코,코코부코,6,7,1,0,0,1.1666666666666667,0.16666666666666666,0,0.0,0.0
2024,코타커피,코타커피(Cotta Coffee),코타커피,1,0,0,0,0,0.0,0.0,0,0.0,0.0
2017,코페아커피,코페아커피(COFFEA COFFEE),(주)감성인터내셔널,36,1,12,1,5,0.027777777777777776,0.3611111111111111,177014,1.77014,441.8
2018,코페아커피,코페아커피(COFFEA COFFEE),(주)감성인터내셔널,26,1,11,0,3,0.038461538461538464,0.4230769230769231,163140,1.6314,465.0
2019,코페아커피,코페아커피(COFFEA COFFEE),(주)감성인터내셔널,21,0,5,0,3,0.0,0.23809523809523808,153446,1.53446,475.9
2020,코페아커피,코페아커피(COFFEA COFFEE),(주)감성인터내셔널,16,0,5,0,0,0.0,0.3125,136227,1.36227,413.5
2021,코페아커피,코페아커피(COFFEA COFFEE),(주)감성인터내셔널,12,0,4,0,1,0.0,0.3333333333333333,119764,1.19764,322.9
2022,코페아커피,코페아커피(COFFEA COFFEE),(주)감성인터내셔널,9,0,3,0,0,0.0,0.3333333333333333,130783,1.30783,331.5
2023,코페아커피,코페아커피(COFFEA COFFEE),(주)감성인터내셔널,9,0,0,0,1,0.0,0.0,137151,1.37151,347.7
2024,코페아커피,코페아커피(COFFEA COFFEE),(주)감성인터내셔널,6,0,3,0,0,0.0,0.5,153603,1.53603,438.8
2019,콘레드커피,콘레드커피,(주)케이디즈,3,3,0,0,0,1.0,0.0,0,0.0,0.0
2020,콘레드커피,콘레드커피,(주)케이디즈,15,13,1,0,0,0.8666666666666667,0.06666666666666667,214064,2.14064,2609.9
2021,콘레드커피,콘레드커피,(주)케이디즈,17,2,0,0,1,0.11764705882352941,0.0,135082,1.35082,1562.9
2022,콘레드커피,콘레드커피,(주)케이디즈,16,2,3,0,1,0.125,0.1875,105884,1.05884,1242.9
2023,콘레드커피,콘레드커피,(주)케이디즈,10,0,1,5,0,0.0,0.6,61545,0.61545,531.7
2023,콜프로스터스,콜프로스터스,콜프로스터스,3,3,0,0,0,1.0,0.0,0,0.0,0.0
2024,콜프로스터스,콜프로스터스,콜프로스터스,10,7,0,0,0,0.7,0.0,164964,1.64964,526.5
2023,콩카페,콩카페,㈜그린에그에프엔비,1,1,0,0,0,1.0,0.0,0,0.0,0.0
2024,콩카페,콩카페,(주)그린에그에프엔비,14,13,0,0,0,0.9285714285714286,0.0,510932,5.10932,1280.5
2023,쿠르토스,쿠르토스,(주)쿠르토스,1,1,0,0,0,1.0,0.0,87154,0.87154,290.5
2021,쿠오레,쿠오레(Cuore),(주)쿠오레,2,1,0,0,0,0.5,0.0,0,0.0,0.0
2022,쿠오레,쿠오레(Cuore),(주)쿠오레,2,0,0,0,0,0.0,0.0,0,0.0,0.0
2023,쿠오레,쿠오레(Cuore),(주)쿠오레,3,1,0,0,0,0.3333333333333333,0.0,0,0.0,0.0
2024,쿠오레,쿠오레(Cuore),(주)쿠오레,4,1,0,0,0,0.25,0.0,117930,1.1793,297.6
2020,쿠카쿠,쿠카쿠,(주)쿠카쿠,6,6,0,0,0,1.0,0.0,0,0.0,0.0
2021,쿠카쿠,쿠카쿠,(주)베델에프앤비(BethelF&B),10,5,0,1,2,0.5,0.1,185623,1.85623,432.1
2022,쿠카쿠,쿠카쿠,(주)베델에프앤비(BethelF&B),12,3,0,1,0,0.25,0.08333333333333333,124514,1.24514,303.6
2023,쿠카쿠,쿠카쿠,(주)베델에프앤비(BethelF&B),8,0,0,4,0,0.0,0.5,167809,1.67809,503.2
2024,쿠카쿠,쿠카쿠,(주)베델에프앤비(BethelF&B),4,2,0,6,0,0.5,1.5,172646,1.72646,419.3
2020,쿠키프렌즈카페,쿠키프렌즈카페 (Cookie Friends Cafe),(주)진영글로벌,1,1,0,1,0,1.0,1.0,0,0.0,0.0
2022,쿼드커피,쿼드커피(QUAD COFFEE),(주)쿼드코리아,6,6,0,0,0,1.0,0.0,285905,2.85905,866.3
2023,쿼드커피,쿼드커피(QUAD COFFEE),(주)쿼드코리아,20,14,0,0,0,0.7,0.0,187662,1.87662,780.5
2024,쿼드커피,쿼드커피(QUAD COFFEE),(주)쿼드코리아,27,11,4,0,2,0.4074074074074074,0.14814814814814814,163964,1.63964,854.7
2022,쿼피집,쿼피집(Quoffee house),쿼피집,1,1,0,0,0,1.0,0.0,0,0.0,0.0
2017,퀴클리,퀴클리,(주)퀴클리코리아,3,2,1,0,0,0.6666666666666666,0.3333333333333333,0,0.0,0.0
2018,퀴클리,퀴클리,(주)퀴클리코리아,1,0,1,1,0,0.0,2.0,0,0.0,0.0
2017,퀸즈브라운,퀸즈브라운,대현패밀리(주),17,14,0,0,0,0.8235294117647058,0.0,158092,1.58092,684.7
2018,퀸즈브라운,퀸즈브라운,대현패밀리(주),25,19,11,0,0,0.76,0.44,133994,1.33994,493.5
2019,퀸즈브라운,퀸즈브라운,대현패밀리(주),29,13,9,0,1,0.4482758620689655,0.3103448275862069,120215,1.20215,414.1
2020,퀸즈브라운,퀸즈브라운,대현패밀리(주),20,5,10,4,1,0.25,0.7,108658,1.08658,409.3
2021,퀸즈브라운,퀸즈브라운,대현패밀리(주),9,1,3,9,3,0.1111111111111111,1.3333333333333333,89195,0.89195,311.8
2022,퀸즈브라운,퀸즈브라운,대현패밀리(주),6,0,0,3,1,0.0,0.5,98036,0.98036,342.7
2023,퀸즈브라운,퀸즈브라운,대현패밀리(주),2,0,0,4,1,0.0,2.0,115612,1.15612,442.3
2024,퀸즈브라운,퀸즈브라운,대현패밀리(주),2,0,0,0,0,0.0,0.0,92358,0.92358,353.4
2024,크라프커피,크라프커피(Kraff COFFEE),고바슨커피㈜,1,0,0,0,0,0.0,0.0,0,0.0,0.0
2017,크레이저커피,크레이저커피(C.Razer Coffee),(주)크레이저커피그룹,8,1,2,0,0,0.125,0.25,82803,0.82803,636.9
2019,크레이저커피,크레이저커피(C.Razer coffee),(주)크레이저커피그룹,8,2,1,0,0,0.25,0.125,63921,0.63921,1147.9
2020,크레이저커피,크레이저커피(C.Razer coffee),(주)크레이저커피그룹,12,7,3,0,1,0.5833333333333334,0.25,60795,0.60795,292.5
2021,크레이저커피,크레이저커피(C.Razer Coffee),(주)크레이저커피그룹,25,15,2,0,0,0.6,0.08,70316,0.70316,309.4
2022,크레이저커피,크레이저커피(C.Razer Coffee),(주)크레이저커피그룹,31,8,2,0,0,0.25806451612903225,0.06451612903225806,79175,0.79175,274.6
2023,크레이저커피,크레이저커피(C.Razer Coffee),(주)크레이저커피그룹,29,4,0,6,0,0.13793103448275862,0.20689655172413793,103200,1.032,333.1
2024,크레이저커피,크레이저커피(C.Razer Coffee),(주)엠프티랩,33,8,1,3,0,0.24242424242424243,0.12121212121212122,134576,1.34576,418.7
2017,크레페드림,크레페드림,제이씨홀딩스,4,4,0,0,0,1.0,0.0,0,0.0,0.0
2022,크렘드마롱,크렘드마롱,(주)우드앤우즈,2,2,0,0,0,1.0,0.0,0,0.0,0.0
2023,크렘드마롱,크렘드마롱,(주)우드앤우즈,2,0,0,0,1,0.0,0.0,0,0.0,0.0
2024,크렘드마롱,크렘드마롱,(주)우드앤우즈,2,0,0,0,0,0.0,0.0,0,0.0,0.0
2024,크로앤피,크로앤피,(주)비에이엠어소시에이츠,2,2,0,0,0,1.0,0.0,0,0.0,0.0
2022,크로플 각,크로플 각,(주)눈사람,56,58,2,0,2,1.0357142857142858,0.03571428571428571,183064,1.83064,1366.1
2023,크로플 각,크로플 각,(주)눈사람,85,46,17,0,15,0.5411764705882353,0.2,7813,0.07813,65.1
2024,크로플 각,크로플 각,(주)눈사람,47,3,21,20,11,0.06382978723404255,0.8723404255319149,72357,0.72357,569.1
2022,크로플다일,크로플다일,크로플다일,1,1,0,0,0,1.0,0.0,0,0.0,0.0
2023,크로플덕,크로플덕,㈜브라더와이투케이,16,16,0,0,1,1.0,0.0,0,0.0,0.0
2022,크로플로,크로플로,(주)희라이프파트너스,4,4,0,0,0,1.0,0.0,155670,1.5567,1132.1
2023,크로플로,크로플로,(주)희라이프파트너스,15,11,0,0,0,0.7333333333333333,0.0,131481,1.31481,1405.7
2024,크로플로,크로플로,(주)희라이프파트너스,8,3,9,1,3,0.375,1.25,122848,1.22848,1116.8
2017,크리스마스자몽,크리스마스자몽,(주)글로리씨엔제이,30,1,1,0,0,0.03333333333333333,0.03333333333333333,0,0.0,0.0
2018,크리스마스자몽,크리스마스자몽,(주)글로리씨엔제이,21,0,6,3,0,0.0,0.42857142857142855,0,0.0,0.0
2024,큰큰커피,큰큰커피,큰큰컴퍼니(주),3,3,0,0,0,1.0,0.0,227333,2.27333,2273.3
2021,클로리스,클로리스(CHLORIS),(주)클로리스,2,2,0,0,0,1.0,0.0,208198,2.08198,621.4
2022,클로리스,클로리스(CHLORIS),(주)클로리스,4,2,0,0,0,0.5,0.0,201016,2.01016,558.3
2023,클로리스,클로리스(CHLORIS),(주)클로리스,3,0,0,1,0,0.0,0.3333333333333333,282393,2.82393,743.1
2024,클로리스,클로리스(CHLORIS),(주)클로리스,3,0,0,0,0,0.0,0.0,304943,3.04943,802.4
2022,킁킁커피,킁킁커피,(주)슬기로운커피생활,5,5,0,0,0,1.0,0.0,0,0.0,0.0
2023,키쿠키앤커피,키쿠키앤커피(KEY COOKIE&COFFEE),(주)키커피컴퍼니,2,2,0,0,0,1.0,0.0,0,0.0,0.0
2022,킹사이즈커피,킹사이즈커피,킹사이즈커피,2,2,0,0,0,1.0,0.0,0,0.0,0.0
2023,킹사이즈커피,킹사이즈커피,에스에이치컴퍼니,2,0,0,0,0,0.0,0.0,186912,1.86912,1068.1
2024,킹사이즈커피,킹사이즈커피,에스에이치컴퍼니,5,4,1,0,1,0.8,0.2,103431,1.03431,989.3
2023,킹스더킹,킹스더킹,(주)국민키친,2,2,0,0,0,1.0,0.0,0,0.0,0.0
2024,킹스더킹,킹스더킹,(주)국민키친,2,0,0,0,0,0.0,0.0,0,0.0,0.0
2019,킹스빈,킹스빈,킹스빈코리아,11,11,0,0,0,1.0,0.0,94122,0.94122,393.6
2020,킹스빈,킹스빈,킹스빈코리아,13,4,2,0,0,0.3076923076923077,0.15384615384615385,134615,1.34615,660.3
2021,킹스빈,킹스빈,킹스빈코리아,8,0,5,0,0,0.0,0.625,118158,1.18158,829.0
2022,킹스빈,킹스빈,킹스빈코리아,6,1,3,0,0,0.16666666666666666,0.5,136437,1.36437,1023.0
2023,킹스빈,킹스빈,킹스빈,5,0,1,0,0,0.0,0.2,125652,1.25652,872.5
2024,킹스빈,킹스빈,킹스빈,5,2,2,0,0,0.4,0.4,162390,1.6239,1107.2
2017,킹콩쥬스엔커피,킹콩쥬스엔커피,(주)킹콩쥬스엔커피,96,110,14,0,2,1.1458333333333333,0.14583333333333334,95510,0.9551,889.6
2018,킹콩쥬스엔커피,킹콩쥬스엔커피,(주)킹콩쥬스엔커피,105,43,32,0,5,0.4095238095238095,0.3047619047619048,67290,0.6729,709.3
2019,킹콩쥬스엔커피,킹콩쥬스엔커피,(주)킹콩쥬스엔커피,87,15,32,0,6,0.1724137931034483,0.367816091954023,54539,0.54539,605.2
2020,킹콩쥬스엔커피,킹콩쥬스엔커피,(주)킹콩쥬스엔커피,84,10,12,0,6,0.11904761904761904,0.14285714285714285,46947,0.46947,608.5
2021,킹콩쥬스엔커피,킹콩쥬스엔커피,(주)킹콩쥬스엔커피,55,4,29,5,3,0.07272727272727272,0.6181818181818182,27531,0.27531,377.6
2023,킹콩쥬스엔커피,킹콩쥬스엔커피,(주)킹콩쥬스엔커피,28,0,5,0,2,0.0,0.17857142857142858,36650,0.3665,567.4
2024,킹콩쥬스엔커피,킹콩쥬스엔커피,(주)킹콩쥬스엔커피,21,0,7,0,1,0.0,0.3333333333333333,51544,0.51544,750.6
2021,킹프레소,킹프레소,킹프레소,10,10,0,0,0,1.0,0.0,0,0.0,0.0
2022,킹프레소,킹프레소,킹프레소,19,9,0,0,0,0.47368421052631576,0.0,203283,2.03283,1444.8
2023,킹프레소,킹프레소,킹프레소,18,1,2,0,1,0.05555555555555555,0.1111111111111111,222670,2.2267,1592.9
2024,킹프레소,킹프레소,킹프레소,15,4,7,0,0,0.26666666666666666,0.4666666666666667,215938,2.15938,1505.5
2023,타래커피1998,타래커피1998,(주)느낌1998,1,1,0,0,0,1.0,0.0,0,0.0,0.0
2024,타래커피1998,타래커피1998,(주)느낌1998,4,3,0,0,0,0.75,0.0,115501,1.15501,1284.8
2020,타이거슈가,타이거슈가(TIGER SUGAR),(주)타이거슈가코리아,41,41,0,0,2,1.0,0.0,1407209,14.07209,5775.7
2021,타이거슈가,타이거슈가(TIGER SUGAR),(주)타이거슈가코리아,46,14,9,0,1,0.30434782608695654,0.1956521739130435,225969,2.25969,915.0
2022,타이거슈가,타이거슈가(TIGER SUGAR),(주)타이거슈가코리아,28,4,19,1,0,0.14285714285714285,0.7142857142857143,137968,1.37968,552.8
2023,타이거슈가,타이거슈가(TIGER SUGAR),(주)타이거슈가코리아,14,0,11,0,0,0.0,0.7857142857142857,132762,1.32762,394.6
2024,타이거슈가,타이거슈가(TIGER SUGAR),(주)타이거슈가코리아,6,0,8,0,0,0.0,1.3333333333333333,177625,1.77625,350.6
2024,타이거프레소,타이거프레소,(주)엔피엔에프,1,1,0,0,0,1.0,0.0,97960,0.9796,490.2
2021,타이지엔,타이지엔,인피니티어뉴이티,17,17,0,0,0,1.0,0.0,0,0.0,0.0
2022,타이지엔,타이지엔,인피니티어뉴이티,12,0,4,0,0,0.0,0.3333333333333333,89039,0.89039,2220.3
2023,타이지엔,타이지엔,인피니티어뉴이티,9,0,1,0,0,0.0,0.1111111111111111,96825,0.96825,2400.4
2017,타이티카페,타이티카페(TAETEA CAFE),대익인터내셔날코리아(주),17,0,1,0,0,0.0,0.058823529411764705,0,0.0,0.0
2018,타이티카페,타이티카페(TAETEA CAFE),대익인터내셔날코리아(주),17,0,0,0,0,0.0,0.0,0,0.0,0.0
2019,타이티카페,타이티카페(TAETEA CAFE),(주)대익인터내셔날코리아,18,1,0,0,2,0.05555555555555555,0.0,0,0.0,0.0
2020,타이티카페,타이티카페(TAETEA CAFE),(주)대익인터내셔날코리아,18,1,1,0,1,0.05555555555555555,0.05555555555555555,0,0.0,0.0
2021,타이티카페,타이티카페(TAETEA CAFE),(주)대익인터내셔날코리아,17,1,2,0,0,0.058823529411764705,0.11764705882352941,0,0.0,0.0
2022,타이티카페,타이티카페(TAETEA CAFE),(주)대익인터내셔날코리아,18,4,3,0,0,0.2222222222222222,0.16666666666666666,0,0.0,0.0
2023,타이티카페,타이티카페(TAETEA CAFE),(주)대익인터내셔날코리아,17,2,3,0,0,0.11764705882352941,0.17647058823529413,0,0.0,0.0
2024,타이티카페,타이티카페(TAETEA CAFE),(주)대익인터내셔날코리아,17,0,0,0,0,0.0,0.0,0,0.0,0.0
2017,타코비카페,타코비카페,오이시오사카,40,25,1,5,2,0.625,0.15,82359,0.82359,988.1
2017,탐앤탐스,탐앤탐스커피,(주)탐앤탐스,335,27,0,46,35,0.08059701492537313,0.1373134328358209,0,0.0,0.0
2018,탐앤탐스,탐앤탐스커피,(주)탐앤탐스,306,24,0,53,33,0.0784313725490196,0.17320261437908496,360511,3.60511,641.6
2019,탐앤탐스,탐앤탐스커피,(주)탐앤탐스,280,18,0,44,36,0.06428571428571428,0.15714285714285714,350891,3.50891,620.1
2020,탐앤탐스,탐앤탐스커피(TOMNTOMS COFFEE),(주)탐앤탐스,301,54,0,33,26,0.17940199335548174,0.10963455149501661,325424,3.25424,614.6
2021,탐앤탐스,탐앤탐스커피(TOMNTOMS COFFEE),(주)탐앤탐스,312,49,0,38,23,0.15705128205128205,0.12179487179487179,269408,2.69408,163.1
2022,탐앤탐스,탐앤탐스커피(TOMNTOMS COFFEE),(주)탐앤탐스,306,38,0,43,17,0.12418300653594772,0.14052287581699346,232707,2.32707,154.9
2023,탐앤탐스,탐앤탐스커피(TOMNTOMS COFFEE),(주)탐앤탐스,293,41,0,54,15,0.13993174061433447,0.18430034129692832,315173,3.15173,698.4
2024,탐앤탐스,탐앤탐스 커피(TOM N TOMS COFFEE),(주)탐앤탐스,257,11,0,47,12,0.042801556420233464,0.1828793774319066,385128,3.85128,907.8
2021,탑브릭스,탑브릭스 (TOP BRIX),탑브릭스(TOPBRIX),5,5,0,0,0,1.0,0.0,198510,1.9851,1384.9
2022,탑브릭스,탑브릭스 (TOP BRIX),탑브릭스(TOPBRIX),15,10,0,0,1,0.6666666666666666,0.0,219000,2.19,1598.5
2023,탑브릭스,탑브릭스 (TOP BRIX),탑브릭스(TOPBRIX),20,8,3,0,3,0.4,0.15,171506,1.71506,1264.5
2024,탑브릭스,탑브릭스 (TOP BRIX),탑브릭스(TOPBRIX),13,1,3,5,2,0.07692307692307693,0.6153846153846154,126675,1.26675,880.6
2022,태그1.5커피,태그1.5커피,(주)케이더블유프랜차이즈,1,2,1,0,0,2.0,1.0,0,0.0,0.0
2017,탭플레이,탭플레이(TAPLAY),(주)해피랜드에프엔비,9,11,2,0,0,1.2222222222222223,0.2222222222222222,124389,1.24389,2046.5
2018,탭플레이,탭플레이(TAPLAY),(주)해피랜드에프엔비,21,14,2,0,0,0.6666666666666666,0.09523809523809523,136002,1.36002,1592.3
2019,탭플레이,탭플레이(TAPLAY),(주)해피랜드에프엔비,26,13,8,0,1,0.5,0.3076923076923077,84771,0.84771,1018.2
2020,탭플레이,탭플레이(TAPLAY),(주)해피랜드에프엔비,34,14,6,0,3,0.4117647058823529,0.17647058823529413,104110,1.0411,904.6
2021,탭플레이,탭플레이(TAPLAY),(주)해피랜드에프엔비,27,3,10,0,1,0.1111111111111111,0.37037037037037035,72994,0.72994,591.3
2022,탭플레이,탭플레이(TAPLAY),㈜프롬베이직컴퍼니,28,5,4,0,1,0.17857142857142858,0.14285714285714285,63415,0.63415,498.2
2024,탭플레이,탭플레이(TAPLAY),칼디코리아(주),15,0,4,0,0,0.0,0.26666666666666666,63059,0.63059,615.1
2024,터치바이커피,터치바이커피(TOUCH BY COFFEE),카페블랑베어,1,1,0,0,0,1.0,0.0,0,0.0,0.0
2018,터치카페,터치카페,(주)더블유씨엠인터내셔널,3,3,0,0,0,1.0,0.0,0,0.0,0.0
2019,터치카페,터치카페,(주)더블유씨엠인터내셔널,31,28,0,0,0,0.9032258064516129,0.0,73968,0.73968,919.3
2020,터치카페,터치카페,(주)더블유씨엠인터내셔널,42,13,0,2,1,0.30952380952380953,0.047619047619047616,53757,0.53757,726.1
2021,터치카페,터치카페,(주)더블유씨엠인터내셔널,42,5,5,0,0,0.11904761904761904,0.11904761904761904,40335,0.40335,510.4
2022,터치카페,터치카페,(주)더블유씨엠인터내셔널,47,12,0,7,0,0.2553191489361702,0.14893617021276595,27855,0.27855,345.3
2017,텀브커피,텀브커피,(주)위드텀브,45,45,0,0,0,1.0,0.0,112241,1.12241,897.9
2018,텀브커피,텀브커피,(주)위드텀브,56,22,5,6,1,0.39285714285714285,0.19642857142857142,89895,0.89895,708.2
2019,텀브커피,텀브커피,(주)위드텀브,55,15,10,6,2,0.2727272727272727,0.2909090909090909,75870,0.7587,511.0
2020,텀브커피,텀브커피,(주)위드텀브,51,10,3,9,0,0.19607843137254902,0.23529411764705882,87402,0.87402,614.7
2021,텀브커피,텀브커피,(주)위드텀브,40,4,15,0,2,0.1,0.375,78933,0.78933,570.7
2022,텀브커피,텀브커피,(주)위드텀브,35,2,5,0,6,0.05714285714285714,0.14285714285714285,98682,0.98682,685.6
2023,텀브커피,텀브커피,(주)위드텀브,34,2,3,0,2,0.058823529411764705,0.08823529411764706,79456,0.79456,540.8
2023,테라커피,테라커피(TERA COFFEE),(주)테라커피,7,7,0,0,0,1.0,0.0,0,0.0,0.0
2024,테라커피,테라커피(TERA COFFEE),(주)티알씨코리아,20,14,1,0,0,0.7,0.05,220639,2.20639,1839.0
2022,테이큰커피,테이큰커피,테이큰커피,3,1,0,0,0,0.3333333333333333,0.0,0,0.0,0.0
2024,테이큰커피,테이큰커피,(주)테이큰커피,6,4,0,0,0,0.6666666666666666,0.0,107624,1.07624,1260.2
2019,텐퍼센트스페셜티커피,텐퍼센트스페셜티커피,(주)더쉐프,8,8,0,0,0,1.0,0.0,0,0.0,0.0
2020,텐퍼센트스페셜티커피,텐퍼센트스페셜티커피,(주)더쉐프,33,25,0,0,0,0.7575757575757576,0.0,215617,2.15617,2086.6
2021,텐퍼센트스페셜티커피,텐퍼센트스페셜티커피,(주)더쉐프,126,94,0,1,7,0.746031746031746,0.007936507936507936,181181,1.81181,1628.5
2022,텐퍼센트스페셜티커피,텐퍼센트스페셜티커피,(주)더쉐프,244,118,0,0,23,0.48360655737704916,0.0,220718,2.20718,1632.7
2023,텐퍼센트스페셜티커피,텐퍼센트스페셜티커피,(주)더쉐프,413,170,0,1,60,0.4116222760290557,0.002421307506053269,229587,2.29587,1739.2
2024,텐퍼센트스페셜티커피,텐퍼센트스페셜티커피,(주)더쉐프,621,217,4,5,84,0.3494363929146538,0.014492753623188406,196831,1.96831,1493.2
2023,템포커피,템포커피(tempo coffee),(주)템포컴퍼니,4,4,0,0,0,1.0,0.0,0,0.0,0.0
2024,템포커피,템포커피(tempo coffee),(주)템포컴퍼니,7,4,1,0,0,0.5714285714285714,0.14285714285714285,228280,2.2828,827.8
2017,토리스타특별한커피,토리스타특별한커피,토리스타씨앤에스(toristar C&amp;S),7,7,0,0,0,1.0,0.0,80378,0.80378,186.3
2018,토리스타특별한커피,토리스타특별한커피,토리스타씨앤에스(toristarC&amp;S),9,3,1,0,1,0.3333333333333333,0.1111111111111111,96431,0.96431,215.3
2019,토리스타특별한커피,토리스타특별한커피,토리스타씨앤에스(toristarC&amp;S),8,0,1,0,0,0.0,0.125,102135,1.02135,210.5
2020,토리스타특별한커피,토리스타특별한커피,토리스타씨앤에스(toristarC&amp;S),11,4,1,0,2,0.36363636363636365,0.09090909090909091,135231,1.35231,455.1
2021,토리스타특별한커피,토리스타특별한커피,토리스타씨앤에스(toristarC&S),13,3,1,0,0,0.23076923076923078,0.07692307692307693,85314,0.85314,276.0
2022,토리스타특별한커피,토리스타특별한커피,토리스타씨앤에스(toristarC&S),13,1,0,1,1,0.07692307692307693,0.07692307692307693,69591,0.69591,228.4
2023,토리스타특별한커피,토리스타특별한커피,토리스타씨앤에스(toristarC&S),14,3,1,0,0,0.21428571428571427,0.07142857142857142,72763,0.72763,249.3
2024,토리스타특별한커피,토리스타특별한커피,토리스타씨앤에스(toristarC&S),10,1,2,3,4,0.1,0.5,66817,0.66817,231.5
2017,토프레소,토프레소,(주)에스앤큐플러스,256,33,34,0,28,0.12890625,0.1328125,100445,1.00445,663.5
2018,토프레소,토프레소,(주)에스앤큐플러스,245,31,42,0,15,0.12653061224489795,0.17142857142857143,100037,1.00037,525.6
2019,토프레소,토프레소,(주)에스앤큐플러스,238,25,32,0,18,0.10504201680672269,0.13445378151260504,92615,0.92615,471.8
2020,토프레소,토프레소,(주)에스앤큐플러스,225,22,35,0,25,0.09777777777777778,0.15555555555555556,92216,0.92216,462.7
2021,토프레소,토프레소,(주)에스앤큐플러스,209,14,30,0,18,0.06698564593301436,0.14354066985645933,82495,0.82495,510.7
2022,토프레소,토프레소,(주)에스앤큐플러스,184,7,32,0,16,0.03804347826086957,0.17391304347826086,77524,0.77524,511.7
2023,토프레소,토프레소,(주)에스앤큐플러스,159,10,35,0,11,0.06289308176100629,0.22012578616352202,78042,0.78042,362.3
2024,토프레소,토프레소,(주)에스앤큐플러스,129,1,31,0,12,0.007751937984496124,0.24031007751937986,78223,0.78223,362.9
2024,투달러커피,투달러커피(2Dollars Coffee),(주)위드디에이치,5,3,0,0,0,0.6,0.0,0,0.0,0.0
2024,투빅커피,투빅커피(TOOBIG COFFEE),(주)투빅,5,5,0,0,0,1.0,0.0,58954,0.58954,670.9
2017,투썸플레이스,투썸플레이스,씨제이푸드빌(주),749,140,24,0,48,0.18691588785046728,0.03204272363150868,532698,5.32698,823.4
2018,투썸플레이스,투썸플레이스,투썸플레이스(주),887,165,27,0,74,0.18602029312288612,0.030439684329199548,518384,5.18384,783.5
2019,투썸플레이스,투썸플레이스,투썸플레이스(주),1001,158,44,0,97,0.15784215784215785,0.04395604395604396,534378,5.34378,829.1
2020,투썸플레이스,투썸플레이스,투썸플레이스(주),1097,127,31,0,111,0.11577028258887875,0.028258887876025523,544844,5.44844,1206.1
2021,투썸플레이스,투썸플레이스,투썸플레이스(주),1218,147,26,0,117,0.1206896551724138,0.021346469622331693,508907,5.08907,911.0
2022,투썸플레이스,투썸플레이스,투썸플레이스(주),1330,143,31,0,85,0.10751879699248121,0.02330827067669173,506059,5.06059,875.8
2024,투썸플레이스,투썸플레이스,투썸플레이스(주),1484,125,53,0,132,0.08423180592991913,0.03571428571428571,522117,5.22117,894.9
2022,트러스트 스페셜티 커피,트러스트 스페셜티 커피,트러스트F&B(TRUSTF&B),2,2,0,0,0,1.0,0.0,0,0.0,0.0
2023,트러스트 스페셜티 커피,트러스트 스페셜티 커피,(주)트러스트에프앤비(TRUSTF&B),7,5,0,0,0,0.7142857142857143,0.0,224111,2.24111,1948.6
2024,트러스트 스페셜티 커피,트러스트 스페셜티 커피,(주)트러스트에프앤비(TRUSTF&B),11,5,1,0,0,0.45454545454545453,0.09090909090909091,234235,2.34235,1923.6
2024,트로피티아일랜드,트로피티아일랜드,(주)올에프앤비,5,5,0,0,0,1.0,0.0,0,0.0,0.0
2023,트루단,트루단(TRUEDAN),(주)제이제이디,1,1,0,0,0,1.0,0.0,0,0.0,0.0
2022,트루먼커피,트루먼커피,카페마이플레이스,2,2,0,0,0,1.0,0.0,0,0.0,0.0
2024,트리고,트리고,트리고(trigo),1,1,0,0,0,1.0,0.0,0,0.0,0.0
2024,트리플에이커피,트리플에이커피,(주)트리플컴퍼니,85,28,0,7,0,0.32941176470588235,0.08235294117647059,174484,1.74484,1217.7
2018,티번,티번(T Bun),(주)티번,2,2,0,0,0,1.0,0.0,0,0.0,0.0
2019,티번,티번(T Bun),(주)티번,1,0,1,0,0,0.0,1.0,0,0.0,0.0
2017,티블랙,티블랙(TEA BLACK),(주)강남사람들,1,1,0,0,0,1.0,0.0,0,0.0,0.0
2018,티블랙,티블랙(TEA BLACK),(주)강남사람들,2,2,0,0,0,1.0,0.0,0,0.0,0.0
2019,티블랙,티블랙(TEA BLACK),(주)강남사람들,3,1,0,0,0,0.3333333333333333,0.0,0,0.0,0.0
2020,티블랙,티블랙(TEA BLACK),(주)강남사람들,4,1,0,0,0,0.25,0.0,0,0.0,0.0
2021,티블랙,티블랙(TEA BLACK),(주)강남사람들,6,2,0,0,0,0.3333333333333333,0.0,38381,0.38381,316.9
2022,티블랙,티블랙,(주)강남사람들,4,0,0,2,0,0.0,0.5,64826,0.64826,494.7
2023,티블랙,티블랙,(주)강남사람들,5,1,0,0,0,0.2,0.0,55729,0.55729,476.7
2024,티블랙,티블랙,(주)강남사람들,5,0,0,0,0,0.0,0.0,54477,0.54477,348.6
2024,티앤모어티카페,티앤모어티카페,커피앤티코리아,1,1,0,0,0,1.0,0.0,0,0.0,0.0
2017,티톡,티톡(teatalk),티톡,5,0,0,0,0,0.0,0.0,0,0.0,0.0
2018,티톡,티톡(teatalk),리엔호이스,5,0,0,0,0,0.0,0.0,0,0.0,0.0
2017,티팩토리912,티팩토리912,에프엔비팩토리(주),5,1,0,0,1,0.2,0.0,54698,0.54698,212.4
2018,티팩토리912,티팩토리912,에프엔비팩토리(주),4,0,1,0,1,0.0,0.25,0,0.0,0.0
2019,티팩토리912,티팩토리912,에프엔비팩토리(주),3,0,1,0,1,0.0,0.3333333333333333,0,0.0,0.0
2019,티희차,티희차(Teaheecha),(주)티희차,1,1,0,0,0,1.0,0.0,0,0.0,0.0
2024,파라노이드,파라노이드,(주)에스엘투,2,2,0,0,0,1.0,0.0,446394,4.46394,797.1
2022,파란만잔,파란만잔,(주)파란만잔,5,5,0,0,0,1.0,0.0,0,0.0,0.0
2023,파란만잔,파란만잔,(주)파란만잔,18,13,0,0,1,0.7222222222222222,0.0,264841,2.64841,1483.3
2024,파란만잔,파란만잔,(주)파란만잔,42,26,2,0,2,0.6190476190476191,0.047619047619047616,246113,2.46113,1128.9
2020,파머스빈,파머스빈,(주)어반파머스,5,3,0,0,0,0.6,0.0,0,0.0,0.0
2021,파머스빈,파머스빈,(주)어반파머스,10,5,0,0,0,0.5,0.0,209900,2.099,1345.7
2022,파머스빈,파머스빈,(주)어반파머스,13,3,0,0,0,0.23076923076923078,0.0,220843,2.20843,1224.8
2023,파머스빈,파머스빈,(주)어반파머스,13,0,0,0,0,0.0,0.0,151691,1.51691,849.5
2024,파머스빈,파머스빈,(주)어반파머스,7,1,5,2,0,0.14285714285714285,1.0,200887,2.00887,947.6
2017,파스쿠찌,파스쿠찌,(주)파리크라상,376,45,22,0,46,0.1196808510638298,0.05851063829787234,403649,4.03649,651.0
2018,파스쿠찌,파스쿠찌,(주)파리크라상,408,55,23,0,34,0.13480392156862744,0.056372549019607844,388342,3.88342,667.4
2019,파스쿠찌,파스쿠찌,(주)파리크라상,441,62,29,0,38,0.14058956916099774,0.06575963718820861,386490,3.8649,659.2
2020,파스쿠찌,파스쿠찌,(주)파리크라상,460,51,32,0,45,0.1108695652173913,0.06956521739130435,392607,3.92607,648.2
2021,파스쿠찌,파스쿠찌,(주)파리크라상,491,65,34,0,34,0.13238289205702647,0.06924643584521385,321068,3.21068,495.7
2022,파스쿠찌,파스쿠찌,(주)파리크라상,498,54,47,0,26,0.10843373493975904,0.09437751004016064,291380,2.9138,437.7
2023,파스쿠찌,파스쿠찌,(주)파리크라상,494,52,56,0,29,0.10526315789473684,0.11336032388663968,347825,3.47825,519.1
2024,파운드커피,파운드커피,아리카페(R&D센터),9,2,0,0,0,0.2222222222222222,0.0,337860,3.3786,2488.5
2024,파인24,파인24(pine24),에스씨홀딩스(주),1,0,0,0,0,0.0,0.0,28298,0.28298,235.8
2018,팔공티,팔공티,(주)에버그린,11,11,0,0,0,1.0,0.0,164357,1.64357,1653.5
2019,팔공티,팔공티,(주)팔공티,36,27,0,2,2,0.75,0.05555555555555555,150755,1.50755,2665.9
2020,팔공티,팔공티,(주)팔공티,212,176,0,0,3,0.8301886792452831,0.0,208663,2.08663,1706.8
2021,팔공티,팔공티,(주)팔공티,304,107,0,15,12,0.3519736842105263,0.049342105263157895,99593,0.99593,843.2
2022,팔공티,팔공티,(주)팔공티,271,39,0,58,23,0.14391143911439114,0.2140221402214022,92711,0.92711,765.4
2023,팔공티,팔공티,(주)팔공티,220,13,65,0,25,0.05909090909090909,0.29545454545454547,97960,0.9796,788.2
2024,팔공티,팔공티,(주)피앤에프,142,1,79,0,30,0.007042253521126761,0.5563380281690141,96292,0.96292,698.5
2022,패스트카페,패스트카페,(주)피투피시스템즈,23,23,0,0,0,1.0,0.0,46885,0.46885,581.7
2023,패스트카페,패스트카페,(주)피투피시스템즈,34,12,1,0,0,0.35294117647058826,0.029411764705882353,28220,0.2822,343.2
2024,패스트카페,패스트카페,(주)토즈스페이스,31,3,6,0,1,0.0967741935483871,0.1935483870967742,20247,0.20247,270.4
2017,팬도로시,팬도로시,(주)올리브홀딩스,27,14,0,2,1,0.5185185185185185,0.07407407407407407,143733,1.43733,0.0
2018,팬도로시,팬도로시,(주)올리브홀딩스,18,0,7,2,1,0.0,0.5,156775,1.56775,490.2
2019,팬도로시,팬도로시,(주)올리브홀딩스,17,1,0,2,1,0.058823529411764705,0.11764705882352941,189550,1.8955,805.7
2020,팬도로시,팬도로시,(주)올리브홀딩스,16,0,0,1,0,0.0,0.0625,163306,1.63306,452.8
2021,팬도로시,팬도로시,(주)올리브홀딩스,13,0,0,3,1,0.0,0.23076923076923078,61651,0.61651,168.7
2022,팬도로시,팬도로시,(주)올리브홀딩스,7,0,2,4,0,0.0,0.8571428571428571,0,0.0,0.0
2023,팬도로시,팬도로시,(주)올리브홀딩스,6,0,1,0,0,0.0,0.16666666666666666,107495,1.07495,188.5
2024,팬도로시,팬도로시,(주)올리브홀딩스,3,0,0,0,0,0.0,0.0,0,0.0,0.0
2023,퍼스트커피,퍼스트커피,(주)한국바리스타자격검정협회,24,20,0,0,0,0.8333333333333334,0.0,54033,0.54033,243.4
2024,퍼스트커피,퍼스트커피,(주)한국바리스타자격검정협회,40,22,6,0,0,0.55,0.15,122927,1.22927,432.2
2023,펀구공카페,펀구공카페,펀구공카페(fungoogongcafe),17,17,0,0,0,1.0,0.0,178511,1.78511,1214.2
2024,펀구공카페,펀구공카페,펀구공카페(fungoogongcafe),16,0,0,1,0,0.0,0.0625,120060,1.2006,868.7
2017,펄스맥,펄스맥,(주)펄맨,4,1,0,0,0,0.25,0.0,0,0.0,0.0
2022,페어런츠,페어런츠,페어런츠,3,3,0,0,0,1.0,0.0,0,0.0,0.0
2023,페어런츠,페어런츠,비엠에프엔비,7,4,0,0,0,0.5714285714285714,0.0,244672,2.44672,1145.3
2024,페어런츠,페어런츠,비엠에프엔비,5,0,2,0,0,0.0,0.4,205602,2.05602,1112.3
2021,페이브,페이브(fave),(주)페이브푸드,5,4,1,0,1,0.8,0.2,357718,3.57718,983.7
2022,페이브,페이브(fave),(주)페이브푸드,13,9,0,1,0,0.6923076923076923,0.07692307692307693,210631,2.10631,642.4
2023,페이브,페이브(fave),(주)지에프앤비,15,5,3,0,0,0.3333333333333333,0.2,189915,1.89915,513.5
2024,페이브,페이브(fave),(주)지에프앤비,17,2,0,0,0,0.11764705882352941,0.0,152135,1.52135,373.9
2024,페이브커피,페이브커피,(주)지에프앤비,5,5,0,0,0,1.0,0.0,0,0.0,0.0
2022,펠어커피,펠어커피,펠어커피,13,4,0,0,0,0.3076923076923077,0.0,161417,1.61417,1105.9
2024,펠어커피초코,펠어커피초코,펠어커피,23,2,1,0,0,0.08695652173913043,0.043478260869565216,237083,2.37083,1842.8
2022,평화다방,평화다방,(주)그레닉스,2,4,2,0,0,2.0,1.0,0,0.0,0.0
2023,평화다방,평화다방,(주)그레닉스,1,0,0,1,0,0.0,1.0,0,0.0,0.0
2023,포레스트아웃팅스,포레스트아웃팅스,포레스트아웃팅스,1,0,0,0,0,0.0,0.0,0,0.0,0.0
2024,포레스트아웃팅스,포레스트아웃팅스,포레스트아웃팅스,1,0,0,0,0,0.0,0.0,11886519,118.86519,3922.9
2017,포비엔,포비엔,(주)홀썸푸드,6,2,2,0,0,0.3333333333333333,0.3333333333333333,346551,3.46551,1094.4
2017,포인포카페,포인포카페,(주)이랜드파크 ,5,0,0,0,1,0.0,0.0,126308,1.26308,799.4
2018,포트오브모카,포트오브모카(Port of Mocha),(주)알에이치에프앤비,34,8,0,3,5,0.23529411764705882,0.08823529411764706,103024,1.03024,911.7
2019,포트오브모카,포트오브모카(Port of Mocha),(주)에소코리아,31,0,0,3,5,0.0,0.0967741935483871,99394,0.99394,657.3
2022,포트캔커피 PORT CAN COFFEE,포트캔커피 PORT CAN COFFEE,(주)포트코퍼레이션,26,26,0,0,0,1.0,0.0,0,0.0,0.0
2023,포트캔커피 PORT CAN COFFEE,포트캔커피 PORT CAN COFFEE,(주)포트코퍼레이션,72,46,2,1,2,0.6388888888888888,0.041666666666666664,267434,2.67434,2428.6
2024,포트캔커피 PORT CAN COFFEE,포트캔커피 PORT CAN COFFEE,(주)포트코퍼레이션,98,31,4,1,4,0.3163265306122449,0.05102040816326531,256098,2.56098,2185.3
2017,포트커피,포트커피(PORT COFFEE),(주)알에이치에프앤비,29,5,1,0,0,0.1724137931034483,0.034482758620689655,100879,1.00879,779.8
2024,폴러스타커피,폴러스타커피,폴러스타커피,8,4,0,0,0,0.5,0.0,57922,0.57922,565.1
2023,퐁치커피익스프레스,퐁치커피익스프레스,(주)돌우물,1,1,0,0,0,1.0,0.0,0,0.0,0.0
2024,퐁치커피익스프레스,퐁치커피익스프레스,(주)돌우물,12,11,0,0,0,0.9166666666666666,0.0,255925,2.55925,1919.4
2024,푸푸커피,푸푸커피(fufu coffee) ,푸푸커피,7,0,0,8,0,0.0,1.1428571428571428,75163,0.75163,464.9
2017,풍년인카페,풍년인카페,(주)강동오케익,1,1,0,0,0,1.0,0.0,0,0.0,0.0
2018,풍년인카페,풍년인카페,(주)강동오케익,2,1,0,0,0,0.5,0.0,0,0.0,0.0
2019,풍년인카페,풍년인카페,(주)강동오케익,1,0,0,1,0,0.0,1.0,0,0.0,0.0
2020,풍년인카페,풍년인카페,(주)강동오케익,1,0,0,0,0,0.0,0.0,0,0.0,0.0
2021,풍년인카페,풍년인카페,(주)강동오케익,1,0,0,0,1,0.0,0.0,0,0.0,0.0
2022,풍년인카페,풍년인카페,(주)강동오케익,1,0,0,0,0,0.0,0.0,0,0.0,0.0
2023,풍년인카페,풍년인카페,(주)강동오케익,3,2,0,0,0,0.6666666666666666,0.0,0,0.0,0.0
2024,풍년인카페,풍년인카페,(주)강동오케익,3,0,0,0,0,0.0,0.0,0,0.0,0.0
2017,퓨로쥬스,퓨로쥬스,(주)퓨로에프앤비,10,10,0,0,0,1.0,0.0,142872,1.42872,1318.8
2018,퓨로쥬스,퓨로쥬스,(주)퓨로에프앤비,20,12,2,0,0,0.6,0.1,93122,0.93122,505.8
2018,프라임 브이8,프라임 브이8(PRIME V8),(주)프라임브이8,3,3,0,0,0,1.0,0.0,0,0.0,0.0
2018,프랭크서울,프랭크서울(FRANKSEOUL),(주)프랭크서울,49,28,5,0,4,0.5714285714285714,0.10204081632653061,86699,0.86699,925.3
2019,프랭크서울,프랭크서울,(주)프랭크서울,39,5,14,1,9,0.1282051282051282,0.38461538461538464,80675,0.80675,905.9
2023,프랭크커핀바,프랭크커핀바,필인스튜디오,12,11,0,0,0,0.9166666666666666,0.0,321904,3.21904,815.6
2024,프랭크커핀바,프랭크커핀바,(주)필인에프앤비,30,19,1,0,3,0.6333333333333333,0.03333333333333333,288782,2.88782,655.4
2023,프레시턴트,프레시턴트(FRESHTANT),프레시턴트,5,5,0,0,1,1.0,0.0,0,0.0,0.0
2024,프레시턴트,프레시턴트(FRESHTANT),프레시턴트,6,2,1,0,0,0.3333333333333333,0.16666666666666666,171143,1.71143,977.9
2022,프레씨엘,프레씨엘,프레씨엘,1,1,0,0,0,1.0,0.0,0,0.0,0.0
2023,프레씨엘,프레씨엘,"프레씨엘,숟가락젓가락들고위드어썸",3,3,1,0,0,1.0,0.3333333333333333,0,0.0,0.0
2024,프레씨엘,프레씨엘,"프레씨엘,숟가락젓가락들고위드어썸",2,0,1,0,0,0.0,0.5,0,0.0,0.0
2017,프롬하츠,프롬하츠(FROM HEARTS),(주)프롬하츠,1,0,0,0,0,0.0,0.0,0,0.0,0.0
2018,프롬하츠,프롬하츠(FROM HEARTS),(주)프롬하츠,5,4,0,0,0,0.8,0.0,0,0.0,0.0
2019,프롬하츠,프롬하츠(FROM HEARTS),(주)프롬하츠,8,3,0,0,0,0.375,0.0,223738,2.23738,683.2
2020,프롬하츠,프롬하츠(FROM HEARTS),(주)프롬하츠,11,3,0,0,1,0.2727272727272727,0.0,209863,2.09863,640.8
2021,프롬하츠,프롬하츠(FROM HEARTS),(주)프롬하츠,13,3,1,0,0,0.23076923076923078,0.07692307692307693,207986,2.07986,640.0
2022,프롬하츠,프롬하츠(FROM HEARTS),(주)프롬하츠,15,2,0,0,2,0.13333333333333333,0.0,189376,1.89376,470.1
2023,프롬하츠,프롬하츠(FROM HEARTS),(주)프롬하츠,13,1,0,3,1,0.07692307692307693,0.23076923076923078,212171,2.12171,531.5
2024,프롬하츠,프롬하츠(FROM HEARTS),(주)프롬하츠,13,1,1,0,1,0.07692307692307693,0.07692307692307693,228884,2.28884,544.0
2022,프루쉬,프루쉬,프루쉬푸드,3,3,0,0,0,1.0,0.0,0,0.0,0.0
2023,프루쉬,프루쉬,프루쉬푸드,4,1,0,0,0,0.25,0.0,0,0.0,0.0
2024,프루쉬,프루쉬,프루쉬푸드,4,1,0,0,0,0.25,0.0,0,0.0,0.0
2017,플라타너스,플라타너스(PLATANUS),(주)세화에프앤씨,6,2,0,0,0,0.3333333333333333,0.0,110817,1.10817,585.1
2020,플라타너스,플라타너스(PLATANUS),(주)세화에프앤씨,6,1,0,1,0,0.16666666666666666,0.16666666666666666,85830,0.8583,764.8
2021,플라타너스,플라타너스(PLATANUS),(주)세화에프앤씨,5,0,0,1,0,0.0,0.2,67049,0.67049,620.8
2023,플라타너스,플라타너스(PLATANUS),(주)세화에프앤씨,2,0,0,1,0,0.0,0.5,63636,0.63636,686.3
2024,플라타너스,플라타너스(PLATANUS),(주)세화에프앤씨,2,0,0,0,0,0.0,0.0,50855,0.50855,534.5
2017,플랫폼엘,플랫폼엘(Platform L),(주)루앤비,2,0,1,0,0,0.0,0.5,0,0.0,0.0
2020,플레어비,플레어비,(주)플레어비,2,2,0,0,0,1.0,0.0,0,0.0,0.0
2021,플레어비,플레어비,(주)플레어비,6,5,1,0,0,0.8333333333333334,0.16666666666666666,88364,0.88364,395.7
2022,플레어비,플레어비,(주)플레어비,5,1,2,0,1,0.2,0.4,247599,2.47599,639.1
2024,플레어비,플레어비,(주)플레어비,5,0,1,0,0,0.0,0.2,377314,3.77314,899.4
2019,플레이스38커피,플레이스38커피,더피그컴퍼니,11,11,0,0,0,1.0,0.0,0,0.0,0.0
2020,플레이스38커피,플레이스38커피,더피그컴퍼니,9,3,3,2,0,0.3333333333333333,0.5555555555555556,0,0.0,0.0
2021,플레이스38커피,플레이스38커피,더피그컴퍼니,7,0,2,0,0,0.0,0.2857142857142857,0,0.0,0.0
2017,플레이스요,플레이스요,(주)명세,1,0,1,0,0,0.0,1.0,0,0.0,0.0
2018,플레이스요,플레이스요,(주)명세,1,0,0,0,0,0.0,0.0,0,0.0,0.0
2018,플루800,플루800,플루800,6,6,0,0,1,1.0,0.0,0,0.0,0.0
2019,플루800,플루800,플루800,13,7,0,0,1,0.5384615384615384,0.0,128732,1.28732,673.1
2020,플루800,플루800,에프씨푸드(FCFOOD),19,6,0,0,0,0.3157894736842105,0.0,65532,0.65532,348.9
2021,플루800,플루800,에프씨푸드(FCFOOD),27,8,0,0,3,0.2962962962962963,0.0,71688,0.71688,332.1
2022,플루800,플루800,에프씨푸드(FCFOOD),28,3,0,2,3,0.10714285714285714,0.07142857142857142,101204,1.01204,495.6
2023,플루800,플루800,에프씨푸드(FCFOOD),26,4,6,0,3,0.15384615384615385,0.23076923076923078,106328,1.06328,484.8
2024,플루800,플루800,에프씨푸드,23,0,3,0,3,0.0,0.13043478260869565,111845,1.11845,504.1
2022,피스피스,피스피스,피스피스본사,3,3,0,0,0,1.0,0.0,0,0.0,0.0
2023,피스피스,피스피스,(주)피스피스,4,1,0,0,0,0.25,0.0,254711,2.54711,1008.7
2022,피에스타7커피,피에스타7커피,우아한패밀리(주),4,3,0,0,0,0.75,0.0,0,0.0,0.0
2023,피에스타7커피,피에스타7커피,우아한패밀리(주),9,7,2,0,0,0.7777777777777778,0.2222222222222222,184980,1.8498,1526.0
2024,피에스타7커피,피에스타7커피,우아한패밀리(주),17,8,0,0,1,0.47058823529411764,0.0,211155,2.11155,1789.5
2022,피카커피,피카커피,(주)디더블유씨,3,2,0,0,0,0.6666666666666666,0.0,0,0.0,0.0
2023,피카커피,피카커피,(주)디더블유씨,4,1,0,0,0,0.25,0.0,354180,3.5418,483.0
2024,피카커피,피카커피,(주)디더블유씨,4,0,0,0,1,0.0,0.0,0,0.0,0.0
2024,픽셀커피,픽셀커피,(주)트리플컴퍼니,1,1,0,0,0,1.0,0.0,64150,0.6415,641.5
2024,픽업커피,픽업커피,더라운드픽업커피,4,1,0,0,0,0.25,0.0,114202,1.14202,624.6
2024,핀들커피,핀들커피,핀들커피(PindleCoffee),1,1,0,0,0,1.0,0.0,0,0.0,0.0
2023,필아웃커피,필아웃커피,필아웃,3,3,0,0,0,1.0,0.0,234982,2.34982,1167.8
2024,필아웃커피,필아웃커피,필아웃,6,3,0,0,0,0.5,0.0,165534,1.65534,1292.7
2021,핑거커피,핑거커피,(주)동양정수커피,16,15,0,0,1,0.9375,0.0,21860,0.2186,224.7
2022,핑거커피,핑거커피,(주)동양정수커피,36,10,4,0,0,0.2777777777777778,0.1111111111111111,12391,0.12391,107.1
2023,핑거커피,핑거커피,(주)동양정수커피,47,16,5,0,0,0.3404255319148936,0.10638297872340426,16743,0.16743,170.1
2022,핑퐁커피,핑퐁커피,㈜에이치케이컴퍼니,4,4,0,0,0,1.0,0.0,0,0.0,0.0
2023,핑퐁커피,핑퐁커피,㈜에이치케이컴퍼니,8,5,1,0,0,0.625,0.125,170241,1.70241,1420.1
2024,핑퐁커피,핑퐁커피,㈜에이치케이컴퍼니,11,6,1,2,0,0.5454545454545454,0.2727272727272727,368102,3.68102,3937.0
2017,하겐커피,하겐커피,하겐커피,7,0,1,0,0,0.0,0.14285714285714285,0,0.0,0.0
2018,하겐커피,하겐커피,하겐커피,7,1,1,0,0,0.14285714285714285,0.14285714285714285,0,0.0,0.0
2019,하겐커피,하겐커피,하겐커피,6,0,1,0,0,0.0,0.16666666666666666,0,0.0,0.0
2017,하바나익스프레스,하바나익스프레스,(주)주원에프앤비,38,4,0,8,6,0.10526315789473684,0.21052631578947367,129626,1.29626,617.2
2018,하바나익스프레스,하바나익스프레스,(주)주원에프앤비,33,2,0,7,2,0.06060606060606061,0.21212121212121213,113315,1.13315,551.1
2019,하바나익스프레스,하바나익스프레스,(주)주원에프앤비,25,3,0,11,1,0.12,0.44,138136,1.38136,568.6
2020,하삼동커피,하삼동커피,(주)하삼동,89,74,0,0,0,0.8314606741573034,0.0,0,0.0,0.0
2021,하삼동커피,하삼동커피,(주)하삼동,253,164,0,0,33,0.6482213438735178,0.0,243491,2.43491,1697.8
2022,하삼동커피,하삼동커피,(주)하삼동,394,142,0,1,37,0.3604060913705584,0.0025380710659898475,235371,2.35371,1615.9
2023,하삼동커피,하삼동커피,(주)하삼동,507,117,0,0,100,0.23076923076923078,0.0,231131,2.31131,1583.1
2024,하삼동커피,하삼동커피,(주)하삼동,587,83,0,3,88,0.141396933560477,0.005110732538330494,217906,2.17906,1487.1
2023,하와이코나 사자커피,하와이코나 사자커피,(주)푸디아,1,0,0,0,0,0.0,0.0,0,0.0,0.0
2024,하와이코나 사자커피,하와이코나 사자커피,(주)푸디아,1,0,0,0,0,0.0,0.0,0,0.0,0.0
2020,하와이코나사자커피,하와이코나사자커피,(주)푸디아,3,0,0,1,0,0.0,0.3333333333333333,0,0.0,0.0
2021,하와이코나사자커피,하와이코나사자커피,(주)푸디아,3,0,0,0,0,0.0,0.0,0,0.0,0.0
2024,하우스오브테디,하우스오브테디,(주)테디하우스,1,1,0,0,0,1.0,0.0,0,0.0,0.0
2021,하이오커피,하이오커피,(주)하이파이브,13,10,0,0,0,0.7692307692307693,0.0,0,0.0,0.0
2022,하이오커피,하이오커피,(주)하이파이브,87,74,0,0,2,0.8505747126436781,0.0,191451,1.91451,1485.3
2023,하이오커피,하이오커피,(주)하이파이브,186,103,4,0,11,0.553763440860215,0.021505376344086023,153913,1.53913,1210.1
2024,하이오커피,하이오커피,(주)하이파이브,249,73,3,7,21,0.2931726907630522,0.040160642570281124,236131,2.36131,1798.7
2022,하이즈커피,하이즈커피,(주)펀하이즈,1,1,0,0,0,1.0,0.0,0,0.0,0.0
2023,하이즈커피,하이즈커피,(주)펀하이즈,1,1,1,0,0,1.0,1.0,0,0.0,0.0
2022,하이커피,하이커피,하이커피(HIGHCOFFEE),1,1,0,0,0,1.0,0.0,0,0.0,0.0
2023,하이커피,하이커피,하이커피(HIGHCOFFEE),1,0,0,0,0,0.0,0.0,0,0.0,0.0
2024,하이커피,하이커피,하이커피(HIGHCOFFEE),1,0,0,0,0,0.0,0.0,0,0.0,0.0
2021,하이테이블,하이테이블,(주)하이테이블,3,3,0,0,0,1.0,0.0,0,0.0,0.0
2023,하이테이블,하이테이블,(주)하이테이블,10,6,0,0,0,0.6,0.0,429526,4.29526,760.2
2024,하이테이블,하이테이블,(주)하이테이블,17,7,0,0,0,0.4117647058823529,0.0,498966,4.98966,747.0
2024,하타오,하타오,(주)중심,2,2,0,0,0,1.0,0.0,0,0.0,0.0
2020,한빵울,한빵울,한빵울,1,1,0,0,0,1.0,0.0,0,0.0,0.0
2021,한빵울,한빵울,한빵울,2,1,0,0,0,0.5,0.0,0,0.0,0.0
2022,한빵울,한빵울,(주)장보고식자재마트,5,4,1,0,0,0.8,0.2,66446,0.66446,492.1
2017,할리스,할리스커피,(주)할리스에프앤비,385,71,35,12,20,0.18441558441558442,0.12207792207792208,374116,3.74116,785.5
2018,할리스,할리스커피,(주)할리스에프앤비,405,55,20,15,19,0.13580246913580246,0.08641975308641975,386275,3.86275,784.5
2019,할리스,할리스커피,(주)할리스에프앤비,427,59,21,16,20,0.13817330210772832,0.08665105386416862,383503,3.83503,750.6
2020,할리스,할리스커피,(주)할리스에프앤비,453,52,22,4,25,0.11479028697571744,0.05739514348785872,378299,3.78299,214.5
2021,할리스,할리스/할리스커피,(주)케이지할리스에프앤비,484,62,27,4,32,0.128099173553719,0.0640495867768595,300101,3.00101,547.6
2022,할리스,할리스/할리스커피,(주)케이지할리스에프앤비,453,29,41,19,25,0.0640176600441501,0.13245033112582782,271917,2.71917,486.4
2024,할리스,할리스,(주)케이지에프앤비,424,42,20,37,12,0.09905660377358491,0.13443396226415094,344268,3.44268,584.9
2017,해리스카페,해리스카페,(주)해리스,29,10,4,2,3,0.3448275862068966,0.20689655172413793,94575,0.94575,472.2
2019,해리스카페,해리스카페,(주)해리스,24,3,3,6,1,0.125,0.375,113645,1.13645,469.9
2020,해리스카페,해리스카페,(주)해리스,22,2,1,3,0,0.09090909090909091,0.18181818181818182,118450,1.1845,529.1
2021,해리스카페,해리스카페,(주)해리스,16,0,0,6,0,0.0,0.375,57205,0.57205,248.3
2023,해리스카페,해리스카페,(주)해리스,6,0,0,5,0,0.0,0.8333333333333334,68976,0.68976,238.8
2023,해쉬커피,해쉬커피,해쉬커피가맹본부,14,8,0,0,0,0.5714285714285714,0.0,212355,2.12355,1721.8
2024,해쉬커피,해쉬커피,해쉬커피가맹본부,18,4,0,0,0,0.2222222222222222,0.0,252020,2.5202,1858.2
2017,해피레몬플러스,해피레몬플러스,(주)해피레몬코리아,1,1,1,0,0,1.0,1.0,0,0.0,0.0
2018,해피레몬플러스,해피레몬플러스,(주)해피레몬코리아,1,1,0,0,0,1.0,0.0,0,0.0,0.0
2019,해피레몬플러스,해피레몬플러스,(주)해피레몬코리아,2,1,0,0,0,0.5,0.0,0,0.0,0.0
2017,핵커피,핵커피,핵커피,4,2,2,0,1,0.5,0.5,0,0.0,0.0
2018,핵커피,핵커피,(주)핵가족,3,0,1,0,0,0.0,0.3333333333333333,0,0.0,0.0
2019,핵커피,핵커피,(주)핵가족,4,2,1,0,0,0.5,0.25,0,0.0,0.0
2020,핵커피,핵커피,(주)핵가족,3,0,1,0,0,0.0,0.3333333333333333,0,0.0,0.0
2021,핵커피,핵커피,(주)핵가족,1,0,2,0,0,0.0,2.0,0,0.0,0.0
2022,핵커피,핵커피,(주)핵가족,1,0,0,0,0,0.0,0.0,0,0.0,0.0
2023,핵커피,핵커피,(주)핵가족,1,0,0,0,0,0.0,0.0,0,0.0,0.0
2024,핵커피,핵커피,(주)핵가족,1,0,0,0,0,0.0,0.0,0,0.0,0.0
2017,핸델앤그레텔,핸델앤그레텔,(주)핸델과그레텔,3,0,0,0,1,0.0,0.0,0,0.0,0.0
2018,핸델앤그레텔,핸델앤그레텔,(주)핸델과그레텔,4,1,0,0,0,0.25,0.0,0,0.0,0.0
2019,핸델앤그레텔,핸델앤그레텔,(주)핸델과그레텔,2,0,2,0,0,0.0,1.0,0,0.0,0.0
2022,핸드메이드,핸드메이드,핸드메이드,4,2,0,0,0,0.5,0.0,0,0.0,0.0
2023,핸드메이드,핸드메이드,핸드메이드,6,2,0,0,0,0.3333333333333333,0.0,217484,2.17484,1325.9
2023,핸섬로스팅하우스,핸섬로스팅하우스,핸섬로스팅하우스,3,0,0,0,0,0.0,0.0,0,0.0,0.0
2019,핸즈업,핸즈업,(주)나우나우,2,2,0,0,0,1.0,0.0,0,0.0,0.0
2020,핸즈업,핸즈업,(주)나우나우,4,2,0,0,0,0.5,0.0,0,0.0,0.0
2017,핸즈커피,핸즈커피(HANDSCOFFEE),(주)지핸즈,84,14,9,0,5,0.16666666666666666,0.10714285714285714,196600,1.966,521.0
2018,핸즈커피,핸즈커피 (HANDS COFFEE),(주)지핸즈,84,11,11,0,5,0.13095238095238096,0.13095238095238096,235330,2.3533,552.2
2019,핸즈커피,핸즈커피 (HANDS COFFEE),(주)지핸즈,86,10,8,0,8,0.11627906976744186,0.09302325581395349,233761,2.33761,507.5
2020,핸즈커피,핸즈커피 (HANDS COFFEE),(주)지핸즈,93,15,8,0,2,0.16129032258064516,0.08602150537634409,272102,2.72102,625.6
2021,핸즈커피,핸즈커피 (HANDS COFFEE),(주)지핸즈,93,8,0,8,6,0.08602150537634409,0.08602150537634409,241263,2.41263,476.8
2022,핸즈커피,핸즈커피 (HANDS COFFEE),(주)지핸즈,83,3,0,13,0,0.03614457831325301,0.1566265060240964,223996,2.23996,527.6
2023,핸즈커피,핸즈커피 (HANDS COFFEE),(주)지핸즈,80,3,0,6,4,0.0375,0.075,266155,2.66155,373.0
2024,핸즈커피,핸즈커피 (HANDS COFFEE),(주)지핸즈,66,1,0,15,2,0.015151515151515152,0.22727272727272727,311312,3.11312,433.3
2021,행님디저트카페,행님디저트카페,(주)행복한님들,7,7,0,0,0,1.0,0.0,0,0.0,0.0
2022,행님디저트카페,행님디저트카페,(주)행복한님들,5,3,4,1,0,0.6,1.0,299152,2.99152,3470.3
2023,행님디저트카페,행님디저트카페,(주)행복한님들,4,1,2,0,2,0.25,0.5,215690,2.1569,2278.7
2020,행복당,행복당(XING FU TANG),행복당,2,2,0,0,0,1.0,0.0,0,0.0,0.0
2020,행인당,행인당,(주)솔트앤슈가,1,1,0,0,0,1.0,0.0,0,0.0,0.0
2017,허니빈스,허니빈스(HoneyBean&#39;s),씨엔지글로벌(주),23,6,4,1,5,0.2608695652173913,0.21739130434782608,88102,0.88102,278.7
2018,허니빈스,허니빈스(HoneyBean&#39;s),씨엔지글로벌(주),24,4,2,0,5,0.16666666666666666,0.08333333333333333,88256,0.88256,310.4
2019,허니빈스,허니빈스(HoneyBean&#39;s),씨엔지글로벌(주),22,4,5,1,3,0.18181818181818182,0.2727272727272727,80203,0.80203,322.6
2019,허유산,허유산(HUI LIU SHAN) ,(주)허유산코리아,2,2,0,0,0,1.0,0.0,12737,0.12737,323.3
2024,헤브어나이스데이,헤브어나이스데이,나이스컴퍼니,1,1,0,0,0,1.0,0.0,0,0.0,0.0
2024,헤이키 커피,헤이키 커피,(주)헤이키컴퍼니,3,3,0,0,0,1.0,0.0,0,0.0,0.0
2021,헤이트먼데이,헤이트먼데이(HATE MONDAY),헤이트먼데이,2,2,0,0,0,1.0,0.0,0,0.0,0.0
2022,헤이트먼데이,헤이트먼데이(HATE MONDAY),헤이트먼데이,4,3,1,0,0,0.75,0.25,0,0.0,0.0
2023,헤이트먼데이,헤이트먼데이(HATE MONDAY),헤이트먼데이,7,3,0,0,0,0.42857142857142855,0.0,227272,2.27272,996.8
2024,헤이트먼데이,헤이트먼데이(HATE MONDAY),헤이트먼데이경북대점,7,1,1,0,0,0.14285714285714285,0.14285714285714285,53060,0.5306,273.1
2020,헤일리스커피,헤일리스커피,헤일리스커피,5,2,1,0,0,0.4,0.2,100122,1.00122,667.5
2021,헤일리스커피,헤일리스커피,헤일리스커피,4,0,1,0,0,0.0,0.25,0,0.0,0.0
2022,헤일리스커피,헤일리스커피,헤일리스커피,4,0,0,0,0,0.0,0.0,0,0.0,0.0
2024,헤일리스커피,헤일리스커피,헤일리스커피,4,2,3,0,0,0.5,0.75,98268,0.98268,982.0
2023,헬리빈커피,헬리빈커피(HELIBEAN COFFEE),(주)헬리빈,9,9,0,0,0,1.0,0.0,143695,1.43695,1185.6
2024,헬리빈커피,헬리빈커피(HELIBEAN COFFEE),(주)헬리빈,12,3,0,0,0,0.25,0.0,98634,0.98634,745.1
2023,호달달,호달달,(주)다른에프앤비,6,1,1,0,0,0.16666666666666666,0.16666666666666666,66776,0.66776,378.9
2020,호이안로스터리,호이안로스터리,에이원인터컴(주),1,1,0,0,0,1.0,0.0,0,0.0,0.0
2021,호이안로스터리,호이안로스터리,에이원인터컴(주),1,0,0,0,0,0.0,0.0,0,0.0,0.0
2022,호이안로스터리,호이안로스터리,에이원인터컴(주),1,0,0,0,0,0.0,0.0,7724,0.07724,103.7
2020,호이차,호이차,(주)호이컴퍼니,29,31,2,0,0,1.0689655172413792,0.06896551724137931,206459,2.06459,1890.6
2021,호이차,호이차,(주)유후컴퍼니,17,3,15,0,0,0.17647058823529413,0.8823529411764706,102189,1.02189,732.1
2022,호이차,호이차,(주)유후컴퍼니,10,0,7,0,0,0.0,0.7,60234,0.60234,395.0
2023,호이차,호이차,(주)유후컴퍼니,8,4,6,0,0,0.5,0.75,158039,1.58039,932.8
2024,호이차,호이차,(주)유후컴퍼니,6,0,2,0,0,0.0,0.3333333333333333,228457,2.28457,1256.4
2017,홈스테드,홈스테드,(주)제이준컴퍼니,13,13,27,0,0,1.0,2.076923076923077,0,0.0,0.0
2018,홈스테드,홈스테드(Homestead),(주)제이준컴퍼니,14,3,2,0,2,0.21428571428571427,0.14285714285714285,153146,1.53146,358.1
2022,홍시궁,홍시궁,(주)홍시궁,2,2,0,0,0,1.0,0.0,0,0.0,0.0
2023,홍시궁,홍시궁,(주)홍시궁,2,0,0,0,0,0.0,0.0,0,0.0,0.0
2024,홍시궁,홍시궁,(주)홍시궁,2,1,1,0,1,0.5,0.5,84999,0.84999,314.8
2021,홍콩다방,홍콩다방,(주)홍콩다방코리아,20,18,0,0,0,0.9,0.0,180712,1.80712,2056.4
2022,홍콩다방,홍콩다방,(주)홍콩다방코리아,28,11,3,0,2,0.39285714285714285,0.10714285714285714,142433,1.42433,1068.2
2023,홍콩다방,홍콩다방,(주)홍콩다방코리아,28,9,9,0,0,0.32142857142857145,0.32142857142857145,136069,1.36069,1044.3
2024,홍콩다방,홍콩다방,(주)홍콩다방코리아,17,0,11,0,2,0.0,0.6470588235294118,97355,0.97355,892.4
2024,화채업자,화채업자,여기Cafe,12,12,0,0,0,1.0,0.0,197527,1.97527,1012.6
2017,황칠가 카페,황칠가 카페,(주)에이치에스피라이프,6,3,0,0,0,0.5,0.0,39696,0.39696,182.5
2018,황칠가 카페,황칠가 카페,(주)에이치에스피라이프,6,1,1,0,0,0.16666666666666666,0.16666666666666666,11247,0.11247,43.9
2019,황칠가 카페,황칠가 카페,(주)에이치에스피라이프,5,0,1,0,0,0.0,0.2,11845,0.11845,46.8
2020,황칠가 카페,황칠가 카페,(주)에이치에스피라이프,4,0,1,0,0,0.0,0.25,0,0.0,0.0
2021,황칠가 카페,황칠가 카페,(주)에이치에스피라이프,3,0,1,0,0,0.0,0.3333333333333333,0,0.0,0.0
2022,황칠가 카페,황칠가 카페,(주)에이치에스피라이프,3,0,0,0,0,0.0,0.0,0,0.0,0.0
2023,황칠가 카페,황칠가 카페,(주)에이치에스피라이프,3,0,0,0,0,0.0,0.0,0,0.0,0.0
2024,황칠가 카페,황칠가 카페,(주)에이치에스피라이프,2,0,1,0,0,0.0,0.5,5484,0.05484,22.8
2022,후식,후식(WHO SEEK),제이엠트렌드,6,3,0,0,0,0.5,0.0,343187,3.43187,0.0
2023,후식,후식(WHO SEEK),제이엠트렌드,8,2,0,0,0,0.25,0.0,256652,2.56652,3360.9
2024,후식,후식(WHO SEEK),제이엠트렌드,4,0,4,0,0,0.0,1.0,0,0.0,0.0
2021,후즈티,후즈티(WHO'S TEA),(주)음식생각,4,2,1,0,0,0.5,0.25,0,0.0,0.0
2023,후즈티,후즈티(WHO'S TEA),(주)음식생각,1,0,0,0,0,0.0,0.0,0,0.0,0.0
2024,후즈티,후즈티(WHO&#39;S TEA),(주)음식생각,1,0,0,0,0,0.0,0.0,0,0.0,0.0
2018,휘드카페,휘드카페,휘드카페,1,1,0,0,0,1.0,0.0,0,0.0,0.0
2019,휘드카페,휘드카페,휘드카페,7,6,0,0,0,0.8571428571428571,0.0,83778,0.83778,987.3
2020,휘드카페,휘드카페,커피거리,8,1,0,0,0,0.125,0.0,83989,0.83989,829.1
2021,휘드카페,휘드카페,커피거리,7,1,2,0,0,0.14285714285714285,0.2857142857142857,90402,0.90402,693.8
2024,휘드카페,휘드카페,커피거리,8,1,0,0,1,0.125,0.0,89990,0.8999,617.6
2019,휘카페,휘카페(Whicafe),(주)청호휘카페,6,6,0,0,0,1.0,0.0,0,0.0,0.0
2024,휴게소,휴게소,휴게소,20,20,0,0,0,1.0,0.0,325983,3.25983,2131.3
2017,휴롬주스,휴롬주스,(주)휴롬팜,6,6,0,1,0,1.0,0.16666666666666666,0,0.0,0.0
2018,휴롬주스,휴롬주스,(주)휴롬팜,6,2,0,2,0,0.3333333333333333,0.3333333333333333,0,0.0,0.0
2019,휴롬주스,휴롬주스,(주)휴롬팜,3,0,3,0,0,0.0,1.0,0,0.0,0.0
2020,휴롬주스,휴롬주스,(주)휴롬팜,3,0,0,0,0,0.0,0.0,0,0.0,0.0
2021,휴롬주스,휴롬주스,(주)휴롬팜,3,0,0,0,0,0.0,0.0,0,0.0,0.0
2020,흑본당,흑본당,(주)비피알,1,3,2,0,0,3.0,2.0,0,0.0,0.0
2021,흑본당,흑본당,(주)비피알,1,0,0,0,0,0.0,0.0,0,0.0,0.0
2020,흑화당,흑화당,(주)우남에프앤씨,61,64,3,0,0,1.0491803278688525,0.04918032786885246,397053,3.97053,2105.4
2021,흑화당,흑화당,(주)우남에프앤씨,44,2,22,0,2,0.045454545454545456,0.5,147836,1.47836,787.8
2022,흑화당,흑화당,(주)우남에프앤씨,19,5,30,0,0,0.2631578947368421,1.5789473684210527,76992,0.76992,481.2
2023,흑화당,흑화당,(주)우남에프앤씨,11,0,8,0,0,0.0,0.7272727272727273,83072,0.83072,488.6
2024,흑화당,흑화당,(주)우남에프앤씨,5,0,6,0,0,0.0,1.2,230123,2.30123,1513.9
2023,히든오아시스,히든오아시스(HIDDENOASIS),히든오아시스,3,3,0,0,0,1.0,0.0,307675,3.07675,1303.2
2024,히든오아시스,히든오아시스(HIDDENOASIS),히든오아시스,8,6,1,0,0,0.75,0.125,211875,2.11875,1250.7
2023,히스피,히스피(HISFFEE),(주)훈훈한배,16,15,0,0,1,0.9375,0.0,214965,2.14965,1102.0
2024,히스피,히스피(HISFFEE),(주)훈훈한배,25,9,0,0,1,0.36,0.0,230714,2.30714,1209.3
2024,히얼이즈커피,히얼이즈커피,히얼이즈커피,6,6,0,0,0,1.0,0.0,150614,1.50614,879.7
2018,히즈빈스,히즈빈스(HISBEANS),(주)향기내는사람들,7,2,0,0,0,0.2857142857142857,0.0,114716,1.14716,568.2
2019,히즈빈스,히즈빈스(HISBEANS),(주)향기내는사람들,6,1,2,0,0,0.16666666666666666,0.3333333333333333,103533,1.03533,632.6
2020,히즈빈스,히즈빈스(HISBEANS),(주)향기내는사람들,8,3,0,0,0,0.375,0.0,147913,1.47913,1181.9
2021,히즈빈스,히즈빈스(HISBEANS),(주)향기내는사람들,10,2,1,0,0,0.2,0.1,125265,1.25265,1207.7
2022,히즈빈스,히즈빈스(HISBEANS),(주)향기내는사람들,9,2,2,0,0,0.2222222222222222,0.2222222222222222,114893,1.14893,926.3
2023,히즈빈스,히즈빈스(HISBEANS),(주)향기내는사람들,14,5,0,0,0,0.35714285714285715,0.0,111886,1.11886,919.2
2024,히즈빈스,히즈빈스(HISBEANS),(주)향기내는사람들,16,2,0,0,0,0.125,0.0,91786,0.91786,539.4
2020,힐링초이스,힐링초이스,(주)릴렉스코리아,2,0,0,0,0,0.0,0.0,0,0.0,0.0
